code,field,university,avg_pref_success,diff_20_19,diff_21_20,diff_22_21,diff_23_22,diff_24_23,diff_25_24,diff_26_25
97,4,ΔΠΘ,4.0,1295.0,-650.0,778.0,-812.0,-152.0,-68.0,-756.0
98,2/4,ΠΑΝ. ΠΕΛ/ΝΗΣΟΥ,5.0,77.0,61.0,1364.0,-225.0,-225.0,125.0,850.0
99,2/4,ΠΑΝ. ΘΕΣΣΑΛΙΑΣ,5.0,470.0,-68.0,1143.0,850.0,-1425.0,-1875.0,-175.0
101,1,ΕΚΠΑ,5.0,-1393.0,893.0,997.0,110.0,60.0,-330.0,-260.0
102,1,ΠΑΝ. ΠΑΤΡΩΝ,5.0,-579.0,-408.0,703.0,-1300.0,1020.0,-580.0,-120.0
103,1,ΑΠΘ,5.0,-1540.0,1305.0,420.0,450.0,-400.0,-100.0,-75.0
104,1,ΠΑΝ. ΠΕΛ/ΝΗΣΟΥ,4.0,-1557.0,870.0,-45.0,-415.0,-335.0,60.0,-60.0
105,1,ΕΚΠΑ,5.0,-1269.0,886.0,294.0,330.0,-510.0,110.0,-130.0
107,1,ΑΠΘ,5.0,-1518.0,1307.0,798.0,480.0,-135.0,-460.0,65.0
109,1,ΕΚΠΑ,3.0,-127.0,-1703.0,679.0,-514.0,-352.0,-1356.0,-144.0
110,1,ΕΚΠΑ,2.0,-156.0,-989.0,-1739.0,192.0,-656.0,-120.0,-178.0
111,1,ΑΠΘ,3.0,-906.0,-1030.0,1125.0,374.0,-2499.0,-368.0,1160.0
112,1,ΑΠΘ,3.0,-297.0,-876.0,51.0,500.0,-1550.0,-150.0,-1200.0
113,1,ΠΑΝ. ΙΩΑΝΝΙΝΩΝ,4.0,-1992.0,-243.0,514.0,315.0,-65.0,-895.0,-89.0
114,1,ΠΑΝ. ΙΩΑΝΝΙΝΩΝ,4.0,-2181.0,-225.0,976.0,78.0,-896.0,-25.0,-363.0
115,1,ΠΑΝ. ΚΡΗΤΗΣ,4.0,-2047.0,171.0,422.0,440.0,-250.0,-174.0,-82.0
116,1,ΠΑΝ. ΚΡΗΤΗΣ,4.0,-1987.0,1778.0,-1403.0,300.0,-250.0,-125.0,-75.0
117,1,ΕΚΠΑ,1.0,37.0,107.0,-207.0,175.0,-100.0,-150.0,0.0
119,1,ΑΠΘ,1.0,1.0,-11.0,-664.0,490.0,-300.0,-60.0,-20.0
120,1,ΑΠΘ,3.0,-533.0,109.0,511.0,-1090.0,-470.0,-280.0,-240.0
121,1,ΔΠΘ,3.0,25.0,-202.0,-548.0,475.0,-325.0,75.0,-25.0
122,1,ΠΑΝ. ΙΩΑΝΝΙΝΩΝ,5.0,-1148.0,157.0,812.0,312.0,-711.0,-40.0,-140.0
123,1,ΕΚΠΑ,3.0,309.0,-1048.0,-907.0,250.0,-430.0,90.0,220.0
124,1/4,ΠΑΝΤΕΙΟ,4.0,79.0,-989.0,-236.0,475.0,-500.0,-50.0,50.0
125,1,ΠΑΝΤΕΙΟ,4.0,343.0,-1785.0,-620.0,500.0,-470.0,110.0,170.0
126,1,ΠΑΝΤΕΙΟ,3.0,462.0,-93.0,-1212.0,690.0,-750.0,-400.0,-220.0
127,1,ΕΚΠΑ,2.0,-248.0,-553.0,-197.0,685.0,-605.0,-360.0,-925.0
128,1/2/3/4,ΕΚΠΑ,2.0,268.0,161.0,-411.0,475.0,-125.0,150.0,-300.0
129,1,ΑΠΘ,2.0,-237.0,-648.0,-1622.0,1780.0,-35.0,-400.0,-725.0
130,1/2/3/4,ΠΑΝ. ΙΩΑΝΝΙΝΩΝ,3.0,-87.0,543.0,-468.0,650.0,150.0,-25.0,-475.0
131,1,ΕΚΠΑ,3.0,-1744.0,3515.0,815.0,790.0,-400.0,-140.0,710.0
132,1/2/3/4,ΠΑΝ. ΚΡΗΤΗΣ,4.0,-174.0,552.0,-727.0,675.0,275.0,-250.0,-500.0
133,1,ΑΠΘ,3.0,-200.0,5753.0,852.0,280.0,-195.0,-355.0,290.0
134,1/2/3/4,ΑΠΘ,3.0,196.0,36.0,-686.0,550.0,0.0,-300.0,300.0
135,1,ΕΚΠΑ,2.0,-3628.0,4214.0,46.0,950.0,-40.0,-95.0,-55.0
136,1/2/3/4,ΠΑΝ. ΠΑΤΡΩΝ,3.0,-355.0,162.0,-67.0,520.0,160.0,-100.0,-240.0
137,1,ΑΠΘ,2.0,-4227.0,3394.0,431.0,300.0,470.0,-940.0,720.0
138,1,ΠΑΝ. ΚΡΗΤΗΣ,5.0,-1288.0,-232.0,967.0,35.0,15.0,-55.0,-235.0
139,1,ΑΠΘ,2.0,2324.0,4443.0,677.0,1040.0,230.0,-650.0,-440.0
140,1/2/3/4,ΑΠΘ,3.0,13.0,546.0,-371.0,600.0,50.0,-150.0,-150.0
142,1/2/3/4,ΔΠΘ,4.0,-867.0,835.0,-310.0,600.0,100.0,-25.0,-600.0
143,1/2/3/4,ΠΑΝ. ΑΙΓΑΙΟΥ,5.0,-972.0,629.0,-404.0,800.0,200.0,-250.0,-925.0
144,4,ΧΑΡΟΚΟΠΕΙΟ,4.0,721.0,744.0,304.0,303.0,101.0,4.0,57.0
145,1,ΙΟΝΙΟ ΠΑΝ/ΜΙΟ,5.0,-1972.0,2338.0,-1393.0,120.0,-140.0,160.0,-160.0
146,1/2/3/4,ΕΚΠΑ,3.0,-1477.0,3.0,-348.0,-20.0,-590.0,380.0,325.0
147,1,ΑΠΘ,3.0,-534.0,-432.0,967.0,690.0,-600.0,820.0,-20.0
148,1,ΕΚΠΑ,3.0,-375.0,-165.0,-355.0,420.0,-530.0,270.0,-40.0
149,1,ΠΑΝ. ΚΡΗΤΗΣ,4.0,-227.0,-1282.0,-983.0,730.0,-220.0,-370.0,30.0
150,4,ΟΠΑ,3.0,296.0,284.0,396.0,390.0,-380.0,360.0,300.0
151,1,ΠΑΝ. ΚΡΗΤΗΣ,4.0,229.0,60.0,-1230.0,865.0,-250.0,-355.0,-80.0
152,4,ΠΑΝΤΕΙΟ,6.0,807.0,-798.0,648.0,200.0,-75.0,0.0,-125.0
153,1,ΠΑΝΤΕΙΟ,3.0,-647.0,-997.0,-13.0,480.0,-240.0,430.0,180.0
154,1/2/3/4,ΕΚΠΑ,2.0,258.0,-344.0,-331.0,575.0,-450.0,0.0,0.0
155,4,ΠΑΝ. ΠΕΙΡΑΙΑ,3.0,-169.0,-172.0,197.0,425.0,-225.0,300.0,150.0
156,1/2/3/4,ΠΑΝ. ΙΩΑΝΝΙΝΩΝ,4.0,-699.0,191.0,79.0,525.0,-200.0,-65.0,-265.0
157,4,ΠΑΝ. ΠΕΙΡΑΙΑ,2.0,-1.0,-653.0,1723.0,840.0,440.0,890.0,390.0
158,1/2/3/4,ΠΑΝ. ΚΡΗΤΗΣ,4.0,-953.0,203.0,557.0,560.0,120.0,-440.0,-340.0
159,1/4,ΠΑΝΤΕΙΟ,4.0,314.0,-1165.0,-350.0,700.0,-550.0,220.0,-20.0
160,1/2/3/4,ΔΠΘ,5.0,-1300.0,414.0,-14.0,600.0,125.0,-300.0,-350.0
161,1/4,ΠΑΝ. ΜΑΚΕΔ.,2.0,698.0,-418.0,1058.0,530.0,90.0,400.0,-660.0
162,1/2/3/4,ΠΑΝ. ΑΙΓΑΙΟΥ,6.0,-1553.0,535.0,65.0,450.0,225.0,-375.0,-300.0
163,1/2/3/4,ΑΠΘ,2.0,-493.0,228.0,372.0,-50.0,-325.0,150.0,-500.0
164,1/2/3/4,ΠΑΝ. ΘΕΣΣΑΛΙΑΣ,3.0,-61.0,516.0,-491.0,800.0,75.0,-75.0,-575.0
165,1,ΠΑΝΤΕΙΟ,4.0,-137.0,-740.0,-600.0,720.0,-720.0,-160.0,-80.0
166,1/2/3/4,ΠΑΝ. ΘΕΣΣΑΛΙΑΣ,4.0,-673.0,76.0,-126.0,550.0,-275.0,100.0,-350.0
167,1,ΠΑΝ. ΑΙΓΑΙΟΥ,6.0,-2182.0,553.0,347.0,570.0,-260.0,115.0,-75.0
168,1/2/3/4,ΑΠΘ,2.0,-635.0,-741.0,141.0,475.0,-1250.0,-200.0,-300.0
169,1/2/3/4,ΠΑΝ. ΠΑΤΡΩΝ,5.0,-1940.0,1259.0,561.0,600.0,-1350.0,-280.0,605.0
170,1,ΠΑΝΤΕΙΟ,2.0,265.0,34.0,-414.0,350.0,-230.0,-190.0,-20.0
171,1,ΕΚΠΑ,1.0,267.0,132.0,-587.0,425.0,-250.0,-120.0,-80.0
172,1,ΑΠΘ,1.0,196.0,42.0,-782.0,580.0,-225.0,-190.0,-110.0
173,1/2/3/4,ΕΚΠΑ,4.0,-261.0,-649.0,246.0,-276.0,-130.0,-156.0,-136.0
174,1,ΠΑΝ. ΜΑΚΕΔ.,3.0,84.0,-286.0,-1539.0,350.0,-700.0,-175.0,-100.0
175,1,ΠΑΝ. ΠΑΤΡΩΝ,4.0,-1074.0,-973.0,678.0,-430.0,-50.0,-690.0,-270.0
176,1/4,ΠΑΝ. ΜΑΚΕΔ.,3.0,-1071.0,-683.0,163.0,240.0,-830.0,400.0,-130.0
177,1,ΠΑΝ. ΘΕΣΣΑΛΙΑΣ,3.0,-1681.0,-59.0,-1066.0,400.0,-550.0,-225.0,-100.0
178,1/2/3/4,ΠΑΝ. ΘΕΣΣΑΛΙΑΣ,3.0,40.0,-537.0,-813.0,-225.0,-1050.0,-50.0,-625.0
179,1/4,ΠΑΝΤΕΙΟ,3.0,93.0,-789.0,-346.0,580.0,-660.0,560.0,-180.0
180,4,ΠΑΝ. ΑΙΓΑΙΟΥ,3.0,-1753.0,1682.0,-62.0,530.0,-300.0,40.0,830.0
181,1/4,ΠΑΝ. ΑΙΓΑΙΟΥ,5.0,-1937.0,1388.0,567.0,-65.0,-275.0,33.0,-264.0
182,1,ΕΚΠΑ,2.0,-2580.0,6265.0,645.0,1860.0,-655.0,-270.0,-825.0
183,1,ΕΚΠΑ,2.0,2128.0,1885.0,680.0,760.0,360.0,-1085.0,1165.0
187,1,ΠΑΝ. ΠΕΛ/ΝΗΣΟΥ,5.0,-825.0,-597.0,-183.0,60.0,-200.0,310.0,-220.0
188,1,ΕΚΠΑ,4.0,-1152.0,309.0,506.0,660.0,-810.0,160.0,-190.0
189,1,ΠΑΝ. ΠΕΛ/ΝΗΣΟΥ,5.0,-1475.0,626.0,684.0,-700.0,80.0,-690.0,-170.0
190,3,ΠΑΝ. ΠΕΛ/ΝΗΣΟΥ,5.0,-2895.0,1366.0,604.0,-300.0,1680.0,-2195.0,440.0
192,1,ΕΚΠΑ,3.0,-1416.0,-966.0,-214.0,25.0,-350.0,-545.0,120.0
200,2/3,ΠΑΝ. ΚΡΗΤΗΣ,5.0,-2199.0,5216.0,254.0,330.0,-335.0,1140.0,240.0
201,2,ΕΜΠ,2.0,15.0,676.0,18.0,403.0,-665.0,433.0,823.0
203,2,ΑΠΘ,3.0,383.0,734.0,-379.0,705.0,-555.0,495.0,1205.0
205,2,ΠΑΝ. ΠΑΤΡΩΝ,4.0,190.0,639.0,-294.0,755.0,-465.0,260.0,1775.0
207,2,ΔΠΘ,4.0,158.0,622.0,128.0,376.0,-424.0,312.0,1408.0
208,2,ΠΑΝ. ΘΕΣΣΑΛΙΑΣ,4.0,35.0,844.0,-229.0,575.0,-735.0,475.0,1680.0
209,2,ΕΜΠ,1.0,-239.0,492.0,-71.0,358.0,-324.0,-102.0,610.0
210,2,ΠΑΝ. ΔΥΤ. ΜΑΚ.,4.0,-236.0,387.0,-627.0,544.0,-286.0,196.0,984.0
211,2,ΑΠΘ,2.0,-219.0,800.0,-575.0,575.0,-300.0,75.0,700.0
212,2/3/4,ΔΠΘ,6.0,-4487.0,7442.0,103.0,-1375.0,730.0,-310.0,-560.0
213,2,ΠΑΝ. ΠΑΤΡΩΝ,2.0,-311.0,773.0,-443.0,510.0,-640.0,430.0,990.0
214,2,ΠΟΛ/ΧΝΕΙΟ ΚΡΗΤΗΣ,4.0,-755.0,4429.0,721.0,500.0,425.0,1350.0,-350.0
215,2,ΠΑΝ. ΠΑΤΡΩΝ,3.0,-507.0,651.0,-330.0,857.0,-493.0,240.0,1285.0
216,2/4,ΠΑΝ. ΚΡΗΤΗΣ,3.0,407.0,528.0,14.0,430.0,-234.0,-167.0,221.0
217,2,ΕΜΠ,1.0,-339.0,512.0,-17.0,350.0,-330.0,-100.0,490.0
218,2/4,ΠΑΝ. ΑΙΓΑΙΟΥ,5.0,-1223.0,3872.0,628.0,150.0,250.0,-275.0,-75.0
219,2,ΑΠΘ,1.0,-125.0,546.0,-86.0,350.0,-340.0,40.0,590.0
220,2,ΠΑΝ. ΘΕΣΣΑΛΙΑΣ,3.0,-14.0,717.0,-627.0,665.0,-680.0,275.0,1015.0
221,2,ΠΑΝ. ΠΑΤΡΩΝ,3.0,-61.0,564.0,-519.0,530.0,-455.0,105.0,945.0
222,2/4,ΠΑΝ. ΑΙΓΑΙΟΥ,4.0,-813.0,2769.0,881.0,125.0,400.0,-50.0,325.0
223,2,ΔΠΘ,4.0,-224.0,539.0,-899.0,610.0,-630.0,190.0,1430.0
224,2/4,ΔΠΘ,4.0,-167.0,484.0,266.0,570.0,-880.0,100.0,1230.0
225,2,ΕΜΠ,4.0,-22.0,1424.0,-309.0,635.0,-200.0,140.0,1100.0
227,2,ΑΠΘ,4.0,134.0,596.0,259.0,380.0,-265.0,-40.0,1225.0
228,2,ΠΑΝ. ΘΕΣΣΑΛΙΑΣ,5.0,132.0,1683.0,483.0,847.0,-344.0,284.0,1137.0
229,2,ΕΜΠ,2.0,-318.0,590.0,-55.0,390.0,-490.0,80.0,750.0
230,2/4,ΠΟΛ/ΧΝΕΙΟ ΚΡΗΤΗΣ,4.0,-636.0,742.0,98.0,-60.0,-100.0,260.0,220.0
231,2,ΕΜΠ,1.0,115.0,764.0,-644.0,665.0,-615.0,1045.0,615.0
232,2,ΠΑΝ. ΠΑΤΡΩΝ,2.0,763.0,2475.0,-830.0,844.0,-300.0,136.0,538.0
233,2,ΑΠΘ,1.0,933.0,-513.0,-302.0,915.0,-620.0,770.0,995.0
234,2,ΔΠΘ,3.0,1102.0,-12335.0,13205.0,1160.0,285.0,925.0,1190.0
235,2,ΕΜΠ,2.0,-479.0,774.0,-204.0,585.0,-645.0,265.0,680.0
236,2,ΠΑΝ. ΘΕΣΣΑΛΙΑΣ,2.0,991.0,-883.0,1638.0,1130.0,-585.0,705.0,1125.0
237,2,ΑΠΘ,2.0,-24.0,646.0,-416.0,555.0,-595.0,360.0,765.0
238,2/4,ΠΑΝ. ΑΙΓΑΙΟΥ,3.0,-367.0,2891.0,-1026.0,110.0,560.0,820.0,250.0
239,2,ΠΑΝ. ΠΑΤΡΩΝ,3.0,-218.0,630.0,-515.0,605.0,-690.0,545.0,845.0
240,4,ΟΠΑ,1.0,-59.0,522.0,-497.0,425.0,-175.0,225.0,25.0
241,2,ΕΜΠ,3.0,-536.0,-229.0,-371.0,250.0,-50.0,425.0,900.0
242,2,ΠΟΛ/ΧΝΕΙΟ ΚΡΗΤΗΣ,5.0,-3413.0,6488.0,142.0,535.0,-445.0,70.0,730.0
243,2,ΕΚΠΑ,2.0,-342.0,396.0,-531.0,585.0,-320.0,95.0,1350.0
245,2,ΑΠΘ,2.0,-569.0,1035.0,-430.0,680.0,-275.0,-260.0,765.0
246,2,ΕΜΠ,3.0,-39.0,733.0,-238.0,420.0,-730.0,350.0,1010.0
247,2,ΠΑΝ. ΠΑΤΡΩΝ,3.0,-720.0,-57.0,479.0,294.0,-1327.0,-11.0,547.0
248,2,ΠΑΝ. ΚΡΗΤΗΣ,4.0,-1228.0,3852.0,478.0,40.0,-1170.0,225.0,900.0
249,2,ΠΑΝ. ΙΩΑΝΝΙΝΩΝ,4.0,-911.0,-668.0,2948.0,795.0,-950.0,-2765.0,930.0
251,2,ΠΑΝ. ΚΡΗΤΗΣ,4.0,-310.0,1854.0,31.0,-60.0,-1425.0,140.0,1085.0
252,2,ΠΑΝ. ΑΙΓΑΙΟΥ,5.0,-4376.0,6583.0,-263.0,225.0,-460.0,2065.0,-685.0
253,2,ΕΚΠΑ,2.0,-17.0,434.0,-617.0,-583.0,-451.0,330.0,1325.0
255,2,ΑΠΘ,2.0,-64.0,53.0,-165.0,413.0,-339.0,281.0,-1340.0
257,2,ΠΑΝ. ΠΑΤΡΩΝ,4.0,-186.0,-1276.0,296.0,490.0,-640.0,-600.0,660.0
259,2,ΠΑΝ. ΙΩΑΝΝΙΝΩΝ,4.0,121.0,-1559.0,1916.0,978.0,-2333.0,-1137.0,1051.0
261,2,ΠΑΝ. ΚΡΗΤΗΣ,3.0,-300.0,3322.0,-2237.0,665.0,-41.0,289.0,798.0
262,2/4,ΠΑΝ. ΠΕΙΡΑΙΑ,4.0,533.0,493.0,122.0,620.0,-430.0,110.0,-80.0
263,2/3,ΕΚΠΑ,4.0,-932.0,994.0,26.0,85.0,-325.0,95.0,475.0
265,2/3,ΑΠΘ,5.0,-1246.0,1212.0,-67.0,55.0,-160.0,-75.0,625.0
267,2/3,ΠΑΝ. ΠΑΤΡΩΝ,5.0,-1391.0,1300.0,15.0,-60.0,-60.0,-180.0,500.0
269,2/3,ΠΑΝ. ΙΩΑΝΝΙΝΩΝ,5.0,-1578.0,1425.0,-180.0,-45.0,-255.0,-150.0,865.0
270,2/3,ΠΑΝ. ΚΡΗΤΗΣ,5.0,-1652.0,1481.0,-232.0,-184.0,-308.0,-104.0,805.0
272,2,ΠΑΝ. ΙΩΑΝΝΙΝΩΝ,4.0,-393.0,330.0,845.0,900.0,25.0,550.0,700.0
273,2/3,ΑΠΘ,5.0,-1519.0,1063.0,32.0,-350.0,420.0,90.0,-1200.0
274,2/3,ΠΑΝ. ΘΕΣΣΑΛΙΑΣ,4.0,-1675.0,336.0,309.0,-1110.0,1160.0,40.0,390.0
275,2/3,ΑΠΘ,5.0,-2095.0,3297.0,-262.0,-1080.0,940.0,-330.0,-880.0
276,2/3/4,ΠΑΝ. ΑΙΓΑΙΟΥ,5.0,-3053.0,5697.0,-1267.0,-460.0,380.0,-100.0,-110.0
277,2/3,ΕΚΠΑ,4.0,-938.0,913.0,-111.0,151.0,-210.0,-65.0,267.0
279,2/3,ΑΠΘ,5.0,-946.0,943.0,-41.0,37.0,-117.0,-132.0,361.0
280,2/3,ΠΑΝ. ΙΩΑΝΝΙΝΩΝ,5.0,-1445.0,1475.0,-120.0,-265.0,5.0,-10.0,365.0
281,2/3,ΠΑΝ. ΠΑΤΡΩΝ,6.0,-1074.0,1118.0,-176.0,8.0,-284.0,-20.0,392.0
282,2/3,ΠΑΝ. ΚΡΗΤΗΣ,5.0,-1205.0,1224.0,-356.0,-90.0,-213.0,-35.0,478.0
283,2,ΕΚΠΑ,4.0,-1148.0,1429.0,396.0,75.0,-500.0,225.0,0.0
284,2/3,ΠΑΝ. ΘΕΣΣΑΛΙΑΣ,5.0,-1347.0,1267.0,-187.0,-380.0,30.0,-50.0,350.0
285,2,ΑΠΘ,4.0,-760.0,491.0,334.0,25.0,-50.0,0.0,675.0
287,2,ΠΑΝ. ΠΑΤΡΩΝ,5.0,-1158.0,4377.0,-657.0,0.0,-650.0,260.0,1220.0
288,2/3,ΠΑΝ. ΠΑΤΡΩΝ,5.0,-1203.0,3109.0,220.0,136.0,412.0,1066.0,927.0
289,3,ΕΚΠΑ,5.0,-823.0,874.0,11.0,180.0,-210.0,0.0,220.0
290,2/3,ΔΠΘ,6.0,-1259.0,1293.0,-193.0,-135.0,-145.0,25.0,300.0
291,3,ΑΠΘ,5.0,-818.0,906.0,-106.0,150.0,-300.0,0.0,450.0
293,3,ΠΑΝ. ΠΑΤΡΩΝ,6.0,-868.0,997.0,-12.0,120.0,-160.0,-50.0,300.0
294,3,ΧΑΡΟΚΟΠΕΙΟ,5.0,-1280.0,1258.0,-138.0,-38.0,-438.0,0.0,248.0
295,3,ΕΚΠΑ,1.0,-474.0,576.0,-26.0,200.0,-225.0,0.0,125.0
297,3,ΑΠΘ,1.0,-510.0,579.0,-104.0,250.0,-250.0,25.0,175.0
299,3,ΠΑΝ. ΠΑΤΡΩΝ,2.0,-573.0,596.0,84.0,230.0,-275.0,-15.0,300.0
300,3,ΠΑΝ. ΘΕΣΣΑΛΙΑΣ,3.0,-649.0,700.0,-100.0,250.0,-325.0,-25.0,375.0
301,3,ΠΑΝ. ΙΩΑΝΝΙΝΩΝ,2.0,-640.0,716.0,-66.0,200.0,-275.0,0.0,325.0
302,3,ΔΠΘ,4.0,-723.0,759.0,-84.0,225.0,-325.0,0.0,375.0
303,3,ΕΚΠΑ,4.0,-751.0,783.0,-83.0,150.0,-275.0,50.0,350.0
304,3,ΠΑΝ. ΚΡΗΤΗΣ,3.0,-669.0,706.0,-81.0,250.0,-350.0,0.0,375.0
305,3,ΑΠΘ,5.0,-827.0,860.0,25.0,140.0,-235.0,30.0,315.0
306,3,ΕΚΠΑ,6.0,-1900.0,1378.0,-328.0,-350.0,-500.0,25.0,400.0
307,3,ΑΠΘ,4.0,-889.0,797.0,-1.0,141.0,-120.0,-35.0,210.0
308,3,ΠΑΝ. ΘΕΣΣΑΛΙΑΣ,6.0,-982.0,971.0,-46.0,25.0,-200.0,-50.0,450.0
309,4,ΕΚΠΑ,4.0,588.0,-58.0,-189.0,390.0,-244.0,322.0,-64.0
310,2/4,ΠΑΝ. ΑΙΓΑΙΟΥ,6.0,-1500.0,3736.0,134.0,-190.0,240.0,-130.0,-50.0
311,4,ΑΠΘ,3.0,463.0,-42.0,-528.0,140.0,70.0,150.0,50.0
312,4,ΟΠΑ,2.0,75.0,88.0,-138.0,500.0,-550.0,200.0,125.0
313,4,ΟΠΑ,2.0,313.0,746.0,-171.0,425.0,-375.0,400.0,0.0
314,4,ΟΠΑ,2.0,542.0,617.0,58.0,525.0,-225.0,375.0,-125.0
315,4,ΠΑΝ. ΠΕΙΡΑΙΑ,3.0,432.0,15.0,190.0,440.0,-260.0,440.0,-110.0
316,4,ΠΑΝ. ΠΕΙΡΑΙΑ,3.0,714.0,263.0,677.0,550.0,-210.0,440.0,-260.0
317,4,ΠΑΝ. ΜΑΚΕΔ.,2.0,279.0,-149.0,-536.0,300.0,170.0,250.0,160.0
318,2/4,ΠΑΝ. ΠΕΙΡΑΙΑ,5.0,390.0,-427.0,787.0,155.0,140.0,315.0,355.0
319,4,ΠΑΝ. ΠΑΤΡΩΝ,3.0,930.0,-465.0,705.0,-62.0,-88.0,136.0,-396.0
320,4,ΠΑΝ. ΑΙΓΑΙΟΥ,4.0,295.0,1895.0,695.0,-265.0,-95.0,800.0,-25.0
321,4,ΠΑΝ. ΚΡΗΤΗΣ,3.0,1240.0,234.0,656.0,-155.0,40.0,-510.0,115.0
322,4,ΠΑΝ. ΜΑΚΕΔ.,2.0,542.0,317.0,-138.0,818.0,278.0,157.0,138.0
323,2/3,ΓΕΩΠΟΝΙΚΟ ΠΑΝ.,4.0,-1994.0,435.0,95.0,-1415.0,880.0,2600.0,-4230.0
324,2/3,ΓΕΩΠΟΝΙΚΟ ΠΑΝ.,5.0,-2394.0,1579.0,246.0,-530.0,460.0,-30.0,30.0
325,2/3,ΓΕΩΠΟΝΙΚΟ ΠΑΝ.,5.0,-1463.0,1281.0,-156.0,-55.0,-250.0,-75.0,415.0
326,3/4,ΓΕΩΠΟΝΙΚΟ ΠΑΝ.,4.0,-270.0,1211.0,-151.0,-170.0,300.0,20.0,-190.0
327,2/3,ΓΕΩΠΟΝΙΚΟ ΠΑΝ.,5.0,-1710.0,1760.0,-620.0,85.0,-205.0,195.0,455.0
328,2/3,ΓΕΩΠΟΝΙΚΟ ΠΑΝ.,5.0,-1437.0,946.0,-111.0,-235.0,-230.0,-200.0,-305.0
329,2/4,ΟΠΑ,3.0,88.0,-109.0,512.0,440.0,-286.0,458.0,500.0
330,2/4,ΕΚΠΑ,2.0,-90.0,612.0,-152.0,400.0,-710.0,-120.0,60.0
331,2,ΠΟΛ/ΧΝΕΙΟ ΚΡΗΤΗΣ,4.0,-255.0,847.0,-1395.0,708.0,-293.0,156.0,1122.0
332,2,ΠΑΝ. ΘΕΣΣΑΛΙΑΣ,3.0,-95.0,759.0,-374.0,310.0,-490.0,350.0,1190.0
333,2/4,ΟΠΑ,2.0,117.0,695.0,-95.0,520.0,-450.0,370.0,90.0
334,1/2/3/4,ΠΑΝ. ΔΥΤ. ΜΑΚ.,4.0,-572.0,561.0,-366.0,750.0,-40.0,-120.0,-430.0
336,2/4,ΠΑΝ. ΠΕΙΡΑΙΑ,5.0,480.0,-75.0,-275.0,415.0,220.0,5.0,415.0
337,4,ΠΑΝ. ΜΑΚΕΔ.,2.0,-192.0,-225.0,-475.0,250.0,-500.0,-250.0,275.0
338,2/4,ΑΠΘ,1.0,147.0,539.0,-249.0,640.0,-290.0,280.0,20.0
339,2/4,ΠΑΝ. ΠΕΙΡΑΙΑ,2.0,152.0,649.0,-194.0,615.0,-480.0,195.0,-65.0
340,2,ΠΑΝ. ΙΩΑΝΝΙΝΩΝ,4.0,39.0,195.0,1623.0,519.0,-1.0,-1406.0,1013.0
341,1/2/3/4,ΠΑΝ. ΔΥΤ. ΜΑΚ.,5.0,-1208.0,519.0,-269.0,700.0,50.0,-225.0,-300.0
342,1/4,ΙΟΝΙΟ ΠΑΝ/ΜΙΟ,6.0,-1854.0,1148.0,687.0,440.0,-510.0,-665.0,-200.0
344,2/4,ΠΑΝ. ΑΙΓΑΙΟΥ,4.0,-3010.0,6053.0,102.0,680.0,-185.0,-140.0,1410.0
345,4,ΠΑΝ. ΙΩΑΝΝΙΝΩΝ,3.0,902.0,-530.0,455.0,-375.0,-100.0,75.0,-225.0
347,4,ΟΠΑ,2.0,-46.0,184.0,-814.0,505.0,-860.0,435.0,150.0
348,1,ΠΑΝ. ΑΙΓΑΙΟΥ,5.0,-2062.0,-260.0,75.0,240.0,-340.0,-280.0,280.0
350,4,ΠΑΝ. ΘΕΣΣΑΛΙΑΣ,3.0,922.0,-630.0,191.0,61.0,-452.0,56.0,-49.0
351,1,ΠΑΝ. ΚΡΗΤΗΣ,5.0,-686.0,-829.0,-471.0,350.0,-175.0,50.0,-325.0
352,4,ΠΑΝ. ΠΑΤΡΩΝ,3.0,1327.0,-207.0,482.0,75.0,125.0,275.0,-260.0
353,2/3/4,ΔΠΘ,5.0,-3472.0,5665.0,35.0,-875.0,400.0,75.0,-150.0
354,1/4,ΠΑΝ. ΑΙΓΑΙΟΥ,6.0,-1798.0,1426.0,124.0,285.0,-145.0,-435.0,-385.0
355,1/4,ΠΑΝ. ΠΕΙΡΑΙΑ,2.0,-18.0,-456.0,-729.0,600.0,-765.0,2195.0,-40.0
356,2/4,ΧΑΡΟΚΟΠΕΙΟ,4.0,728.0,932.0,468.0,0.0,650.0,-700.0,525.0
357,1,ΑΠΘ,3.0,219.0,-590.0,-1430.0,830.0,-290.0,90.0,320.0
360,2/3,ΠΑΝ. ΘΕΣΣΑΛΙΑΣ,6.0,-2257.0,4170.0,-1195.0,-200.0,275.0,0.0,300.0
361,4,ΠΑΝ. ΠΕΛ/ΝΗΣΟΥ,5.0,1609.0,316.0,279.0,-300.0,200.0,360.0,295.0
362,1/2/3/4,ΠΑΝ. ΠΕΛ/ΝΗΣΟΥ,5.0,-1821.0,325.0,900.0,300.0,-275.0,-75.0,-50.0
363,2,ΑΠΘ,4.0,485.0,321.0,1004.0,500.0,-400.0,175.0,700.0
366,2/4,ΙΟΝΙΟ ΠΑΝ/ΜΙΟ,4.0,-395.0,-339.0,759.0,-480.0,-660.0,-990.0,550.0
367,1/2/3/4,ΙΟΝΙΟ ΠΑΝ/ΜΙΟ,3.0,-1537.0,864.0,261.0,-55.0,-100.0,-160.0,265.0
369,2/3/4,ΠΑΝ. ΘΕΣΣΑΛΙΑΣ,5.0,-2000.0,624.0,551.0,700.0,200.0,-210.0,203.0
370,2,ΠΟΛ/ΧΝΕΙΟ ΚΡΗΤΗΣ,3.0,901.0,1339.0,-149.0,680.0,-55.0,895.0,550.0
372,2/3,ΠΑΝ. ΑΙΓΑΙΟΥ,6.0,-2769.0,2167.0,308.0,-200.0,275.0,0.0,300.0
373,1,ΔΠΘ,4.0,-522.0,-829.0,-1336.0,430.0,105.0,440.0,75.0
375,4,ΠΑΝ. ΠΕΙΡΑΙΑ,3.0,361.0,-1170.0,655.0,750.0,-305.0,-200.0,75.0
384,1,ΑΣΚΤ,3.0,-839.0,-356.0,-974.0,-70.0,-440.0,150.0,-145.0
385,1,ΙΟΝΙΟ ΠΑΝ/ΜΙΟ,2.0,-2379.0,3138.0,102.0,840.0,-2900.0,-520.0,60.0
387,2,ΠΑΝ. ΔΥΤ. ΑΤΤΙΚΗΣ,4.0,-547.0,945.0,85.0,270.0,820.0,1700.0,1180.0
388,2/3,ΠΑΝ. ΔΥΤ. ΑΤΤΙΚΗΣ,4.0,-1193.0,1004.0,126.0,-475.0,10.0,220.0,880.0
389,2/4,ΠΑΝ. ΔΥΤ. ΑΤΤΙΚΗΣ,4.0,232.0,517.0,423.0,148.0,844.0,200.0,920.0
390,2/4,ΠΑΝ. ΔΥΤ. ΑΤΤΙΚΗΣ,4.0,297.0,489.0,328.0,484.0,104.0,-44.0,100.0
391,2,ΠΑΝ. ΔΥΤ. ΑΤΤΙΚΗΣ,4.0,-228.0,873.0,272.0,240.0,1060.0,730.0,800.0
392,2,ΠΑΝ. ΔΥΤ. ΑΤΤΙΚΗΣ,3.0,-494.0,484.0,105.0,531.0,747.0,1110.0,1435.0
393,2,ΠΑΝ. ΔΥΤ. ΑΤΤΙΚΗΣ,3.0,-618.0,694.0,-424.0,150.0,1360.0,870.0,1510.0
394,2,ΠΑΝ. ΔΥΤ. ΑΤΤΙΚΗΣ,4.0,-39.0,804.0,1.0,565.0,1440.0,815.0,1400.0
400,4,ΠΑΝ. ΠΕΛ/ΝΗΣΟΥ,5.0,107.0,1529.0,821.0,125.0,250.0,190.0,40.0
401,1/2/3/4,ΕΚΠΑ,2.0,-51.0,-34.0,-600.0,183.0,97.0,303.0,-173.0
402,1/2/3/4,ΑΠΘ,3.0,-408.0,-553.0,-577.0,-244.0,710.0,-216.0,-289.0
403,1/2/3/4,ΑΠΘ,2.0,71.0,64.0,-891.0,117.0,405.0,350.0,-101.0
404,1/2/3/4,ΔΠΘ,3.0,-676.0,-770.0,-692.0,312.0,653.0,-225.0,206.0
405,1/2/3/4,ΠΑΝ. ΘΕΣΣΑΛΙΑΣ,3.0,-162.0,-612.0,-543.0,395.0,-46.0,274.0,336.0
406,1/2/3/4,ΑΠΘ,1.0,542.0,-2743.0,-162.0,-1405.0,4500.0,280.0,-440.0
407,1/2/3/4,ΙΟΝΙΟ ΠΑΝ/ΜΙΟ,2.0,-650.0,350.0,530.0,-970.0,500.0,560.0,-2460.0
408,1/2/3/4,ΕΚΠΑ,1.0,-3070.0,313.0,1097.0,-230.0,3380.0,540.0,100.0
409,1/2/3/4,ΠΑΝ. ΜΑΚΕΔ.,1.0,360.0,-340.0,410.0,100.0,420.0,220.0,-60.0
411,1,ΠΑΝ. ΠΕΛ/ΝΗΣΟΥ,5.0,-46.0,-1763.0,243.0,-80.0,-160.0,290.0,200.0
412,2/4,ΧΑΡΟΚΟΠΕΙΟ,4.0,436.0,507.0,138.0,690.0,-740.0,150.0,40.0
413,1,ΑΕΑ ΑΘΗΝΑΣ,6.0,-1547.0,2103.0,6672.0,-3530.0,-1885.0,-880.0,4425.0
416,1,ΑΕΑ ΚΡΗΤΗΣ,6.0,-1482.0,4300.0,-140.0,-10335.0,9760.0,-9760.0,0.0
476,2,ΔΠΘ,5.0,-520.0,2550.0,-100.0,-150.0,270.0,470.0,870.0
477,2,ΑΣΠΑΙΤΕ,4.0,-863.0,2805.0,-200.0,345.0,-95.0,0.0,610.0
497,2,ΑΣΠΑΙΤΕ,4.0,-743.0,2748.0,147.0,1410.0,-605.0,65.0,1030.0
507,2,ΑΣΠΑΙΤΕ,5.0,-981.0,3511.0,534.0,1450.0,-715.0,385.0,2215.0
612,4,ΠΑΝ. ΑΙΓΑΙΟΥ,3.0,-25.0,2394.0,2566.0,30.0,85.0,575.0,-595.0
613,1/4,ΑΣΤΕ,3.0,-2391.0,721.0,1535.0,372.0,50.0,-366.0,-320.0
614,1/4,ΑΣΤΕ,4.0,-2694.0,570.0,1517.0,380.0,60.0,-206.0,-450.0
668,1/4,ΠΑΝ. ΔΥΤ. ΑΤΤΙΚΗΣ,5.0,-875.0,69.0,-224.0,300.0,-1060.0,1420.0,380.0
669,4,ΠΑΝ. ΔΥΤ. ΑΤΤΙΚΗΣ,5.0,989.0,-502.0,-63.0,450.0,550.0,360.0,190.0
670,4,ΠΑΝ. ΔΥΤ. ΑΤΤΙΚΗΣ,3.0,516.0,-1135.0,2850.0,530.0,330.0,2140.0,-580.0
671,1,ΠΑΝ. ΔΥΤ. ΑΤΤΙΚΗΣ,3.0,434.0,84.0,-1144.0,750.0,-150.0,-620.0,0.0
672,4,ΠΑΝ. ΔΥΤ. ΑΤΤΙΚΗΣ,4.0,845.0,-1001.0,708.0,62.0,202.0,444.0,187.0
673,1/2/3/4,ΠΑΝ. ΔΥΤ. ΑΤΤΙΚΗΣ,3.0,-447.0,-404.0,119.0,640.0,-360.0,200.0,0.0
674,2/4,ΠΑΝ. ΔΥΤ. ΑΤΤΙΚΗΣ,2.0,758.0,3131.0,374.0,1885.0,-400.0,420.0,145.0
675,2/4,ΠΑΝ. ΔΥΤ. ΑΤΤΙΚΗΣ,3.0,1818.0,2703.0,162.0,-240.0,940.0,930.0,320.0
676,2,ΠΑΝ. ΔΥΤ. ΑΤΤΙΚΗΣ,4.0,389.0,4827.0,-1432.0,1220.0,-750.0,1050.0,-490.0
677,1/2/4,ΠΑΝ. ΔΥΤ. ΑΤΤΙΚΗΣ,3.0,-374.0,101.0,294.0,-40.0,-65.0,-100.0,670.0
678,3,ΠΑΝ. ΔΥΤ. ΑΤΤΙΚΗΣ,5.0,-1472.0,1319.0,-29.0,-465.0,135.0,20.0,555.0
679,3,ΠΑΝ. ΔΥΤ. ΑΤΤΙΚΗΣ,4.0,-2111.0,806.0,654.0,-240.0,580.0,55.0,-875.0
680,3,ΠΑΝ. ΔΥΤ. ΑΤΤΙΚΗΣ,4.0,-2061.0,1185.0,-190.0,-90.0,-150.0,-160.0,620.0
681,3,ΠΑΝ. ΔΥΤ. ΑΤΤΙΚΗΣ,4.0,-2197.0,993.0,-43.0,-525.0,325.0,25.0,975.0
682,3,ΠΑΝ. ΔΥΤ. ΑΤΤΙΚΗΣ,5.0,-2693.0,1365.0,435.0,-375.0,325.0,25.0,375.0
683,3,ΠΑΝ. ΔΥΤ. ΑΤΤΙΚΗΣ,5.0,-1197.0,1276.0,-376.0,-100.0,-300.0,50.0,500.0
684,2/3,ΠΑΝ. ΔΥΤ. ΑΤΤΙΚΗΣ,4.0,-1650.0,831.0,214.0,-490.0,620.0,-230.0,350.0
685,2/3,ΠΑΝ. ΔΥΤ. ΑΤΤΙΚΗΣ,4.0,-1675.0,1936.0,-451.0,-580.0,910.0,-190.0,-1280.0
776,2,ΑΣΠΑΙΤΕ,5.0,-953.0,4401.0,-201.0,850.0,-425.0,-35.0,785.0
779,2,ΠΑΝ. ΙΩΑΝΝΙΝΩΝ,2.0,1669.0,2302.0,-1237.0,1105.0,-645.0,755.0,1170.0
780,1,ΑΠΘ,5.0,-1492.0,2546.0,4.0,1625.0,-2225.0,-50.0,50.0
801,2/3/4,ΣΣΕ,3.0,-537.0,-1178.0,3.0,-1805.0,10.0,-1365.0,2125.0
806,2/3/4,ΣΣΕ,3.0,-314.0,-390.0,-525.0,-255.0,-3140.0,640.0,2695.0
811,2/3,ΣΝΔ,2.0,-720.0,-831.0,-819.0,-1781.0,-1668.0,-7.0,40.0
816,2/3,ΣΝΔ,2.0,-763.0,-41.0,-2252.0,-608.0,-2170.0,269.0,-582.0
817,2/4,Α.Ε.Ν.,1.0,198.0,-2411.0,761.0,-25.0,-25.0,75.0,-125.0
818,2/4,Α.Ε.Ν.,2.0,-918.0,-219.0,1044.0,0.0,-25.0,50.0,-100.0
821,2/3,ΣΙ,1.0,42.0,119.0,-859.0,-10.0,-1550.0,110.0,1315.0
826,2/3,ΣΙ,1.0,-326.0,307.0,-707.0,440.0,-1765.0,-190.0,960.0
827,2/3,ΣΙ,2.0,-621.0,330.0,-505.0,680.0,-1665.0,-1035.0,1115.0
831,3,ΣΣΑΣ,2.0,-1024.0,505.0,-230.0,125.0,-450.0,-50.0,500.0
836,3,ΣΣΑΣ,3.0,-415.0,42.0,-197.0,280.0,-665.0,235.0,765.0
841,3,ΣΣΑΣ,3.0,-782.0,457.0,69.0,268.0,-509.0,-53.0,374.0
846,3,ΣΣΑΣ,3.0,-1092.0,471.0,-171.0,200.0,-575.0,-75.0,675.0
851,3,ΣΑΝ,5.0,-1180.0,590.0,-490.0,150.0,-2225.0,75.0,-800.0
862,2/3/4,ΣΜΥ,4.0,-748.0,-1128.0,-587.0,-720.0,-600.0,-1120.0,-350.0
863,2/4,ΣΜΥ,4.0,739.0,361.0,-966.0,610.0,-940.0,-1810.0,-1960.0
864,2/4,ΣΜΥΝ,4.0,43.0,654.0,-1554.0,0.0,-2620.0,-2140.0,-40.0
866,1,ΣΣΑΣ,1.0,-410.0,405.0,-790.0,660.0,-670.0,110.0,40.0
867,4,ΣΣΑΣ,1.0,-236.0,102.0,-462.0,415.0,-530.0,-140.0,140.0
869,1/2/4,ΑΣΤ. ΣΧΟΛΕΣ,1.0,-616.0,621.0,-486.0,310.0,-570.0,90.0,100.0
870,1/2/4,ΑΣΤ. ΣΧΟΛΕΣ,3.0,-2925.0,2760.0,-1555.0,-20.0,-1630.0,-1470.0,-240.0
871,1/2/4,Σ.Π.Α.,1.0,-2290.0,2174.0,-339.0,-2010.0,-1100.0,-4810.0,7570.0
872,1/2/4,ΑΣΤ. ΣΧΟΛΕΣ,1.0,-672.0,953.0,-1138.0,480.0,-480.0,130.0,170.0
875,1,ΣΣΑΣ,1.0,-697.0,639.0,-644.0,510.0,-610.0,-140.0,495.0
876,1/2/4,Σ.Π.Α.,3.0,-462.0,354.0,-604.0,360.0,-1300.0,-1200.0,670.0
877,1/2/4,Σ.Π.Α.,1.0,-392.0,554.0,-179.0,240.0,-740.0,-390.0,170.0
878,2/3/4,ΣΜΥΑ,3.0,-162.0,541.0,-1816.0,-555.0,-1560.0,-890.0,1770.0
879,2/4,ΣΜΥΑ,3.0,96.0,431.0,-1331.0,815.0,-3160.0,-890.0,2590.0
880,2/4,ΣΜΥΑ,3.0,144.0,750.0,-170.0,180.0,-960.0,-795.0,125.0
881,1/2/4,Λ.Σ. - ΕΛ. ΑΚΤ.,2.0,-298.0,695.0,-790.0,340.0,-630.0,-390.0,220.0
882,1/2/4,Λ.Σ. - ΕΛ. ΑΚΤ.,4.0,-553.0,671.0,-851.0,880.0,-370.0,-2060.0,0.0
1001,3/4,ΕΚΠΑ,4.0,-1343.0,1477.0,163.0,-390.0,670.0,-100.0,-210.0
1002,2,ΕΚΠΑ,3.0,-497.0,2584.0,-19.0,330.0,-690.0,-170.0,1860.0
1004,4,ΕΚΠΑ,3.0,916.0,-350.0,1475.0,25.0,450.0,1675.0,-1400.0
1005,4,ΕΚΠΑ,3.0,962.0,481.0,-356.0,720.0,-360.0,1460.0,-290.0
1006,1,ΕΚΠΑ,4.0,215.0,-141.0,-1174.0,650.0,-980.0,-110.0,-160.0
1007,1,ΕΚΠΑ,4.0,-164.0,-955.0,-45.0,300.0,-535.0,-445.0,45.0
1008,2/4,ΕΚΠΑ,4.0,247.0,1166.0,709.0,195.0,370.0,390.0,230.0
1010,1,ΕΚΠΑ,4.0,144.0,-1194.0,664.0,-220.0,-475.0,-385.0,-180.0
1011,1/2/3/4,ΕΚΠΑ,3.0,-825.0,571.0,539.0,-10.0,140.0,-120.0,120.0
1061,2/3/4,ΓΕΩΠΟΝΙΚΟ ΠΑΝ.,6.0,-5792.0,10781.0,-1906.0,0.0,400.0,-200.0,-1000.0
1063,4,ΓΕΩΠΟΝΙΚΟ ΠΑΝ.,4.0,163.0,2119.0,711.0,-85.0,255.0,495.0,475.0
1064,4,ΓΕΩΠΟΝΙΚΟ ΠΑΝ.,6.0,42.0,2910.0,-380.0,300.0,-320.0,180.0,1910.0
1211,2/4,ΠΑΝ. ΜΑΚΕΔ.,2.0,370.0,481.0,-276.0,765.0,-360.0,180.0,60.0
1212,2/4,ΠΑΝ. ΜΑΚΕΔ.,2.0,244.0,380.0,-145.0,815.0,-525.0,330.0,150.0
1241,1/2/3/4,ΠΑΝ. ΙΩΑΝΝΙΝΩΝ,5.0,-963.0,0.0,175.0,588.0,-16.0,-308.0,-158.0
1242,2/3,ΠΑΝ. ΙΩΑΝΝΙΝΩΝ,5.0,-2721.0,3755.0,450.0,-125.0,40.0,85.0,180.0
1244,4,ΠΑΝ. ΙΩΑΝΝΙΝΩΝ,4.0,71.0,2483.0,817.0,-25.0,-780.0,320.0,-250.0
1245,3,ΠΑΝ. ΙΩΑΝΝΙΝΩΝ,4.0,-3038.0,1448.0,712.0,-485.0,405.0,-135.0,740.0
1248,1/2/3/4,ΠΑΝ. ΙΩΑΝΝΙΝΩΝ,2.0,580.0,590.0,320.0,-360.0,3460.0,-3590.0,-270.0
1249,3,ΠΑΝ. ΙΩΑΝΝΙΝΩΝ,4.0,-2745.0,1309.0,911.0,-600.0,595.0,-185.0,-495.0
1250,2/4,ΠΑΝ. ΙΩΑΝΝΙΝΩΝ,4.0,-789.0,1325.0,764.0,136.0,450.0,-714.0,539.0
1251,1,ΠΑΝ. ΙΩΑΝΝΙΝΩΝ,3.0,230.0,81.0,-806.0,590.0,-195.0,-445.0,20.0
1272,3,ΠΑΝ. ΠΑΤΡΩΝ,4.0,-2411.0,990.0,460.0,-425.0,325.0,0.0,300.0
1273,3,ΠΑΝ. ΠΑΤΡΩΝ,5.0,-1910.0,1570.0,297.0,227.0,-153.0,-60.0,539.0
1274,3,ΠΑΝ. ΠΑΤΡΩΝ,4.0,-2441.0,2173.0,-192.0,-1000.0,260.0,28.0,658.0
1276,2/3/4,ΠΑΝ. ΠΑΤΡΩΝ,5.0,-5216.0,9328.0,-928.0,-244.0,1121.0,-1967.0,-97.0
1278,2/3,ΠΑΝ. ΠΑΤΡΩΝ,5.0,-2206.0,1318.0,72.0,-130.0,760.0,-490.0,-470.0
1282,4,ΠΑΝ. ΠΑΤΡΩΝ,3.0,1172.0,117.0,983.0,180.0,185.0,1210.0,1250.0
1283,4,ΠΑΝ. ΠΑΤΡΩΝ,3.0,617.0,-194.0,2929.0,-80.0,420.0,950.0,-380.0
1284,1,ΠΑΝ. ΠΑΤΡΩΝ,4.0,-1947.0,670.0,350.0,240.0,-600.0,300.0,425.0
1286,1/2/3/4,ΠΑΝ. ΠΑΤΡΩΝ,3.0,-50.0,628.0,-1235.0,476.0,176.0,-98.0,-42.0
1301,1,ΔΠΘ,4.0,869.0,389.0,-1664.0,760.0,-280.0,60.0,-470.0
1302,1/4,ΔΠΘ,4.0,-279.0,-83.0,-1517.0,1255.0,50.0,-460.0,100.0
1391,2/3,ΠΑΝ. ΑΙΓΑΙΟΥ,4.0,-1830.0,2648.0,412.0,-385.0,160.0,65.0,320.0
1422,2/3,ΠΑΝ. ΘΕΣΣΑΛΙΑΣ,4.0,-2012.0,1354.0,521.0,-25.0,550.0,-465.0,-65.0
1423,1,ΠΑΝ. ΘΕΣΣΑΛΙΑΣ,3.0,-835.0,-822.0,-938.0,420.0,-190.0,-760.0,-350.0
1424,2/3/4,ΠΑΝ. ΘΕΣΣΑΛΙΑΣ,5.0,-2558.0,4779.0,426.0,-640.0,340.0,-400.0,-115.0
1425,3,ΠΑΝ. ΘΕΣΣΑΛΙΑΣ,5.0,-2222.0,1276.0,624.0,0.0,300.0,-575.0,275.0
1426,3,ΠΑΝ. ΘΕΣΣΑΛΙΑΣ,4.0,-2108.0,1260.0,285.0,-685.0,670.0,-675.0,-225.0
1427,4,ΠΑΝ. ΘΕΣΣΑΛΙΑΣ,3.0,980.0,-131.0,1176.0,-85.0,345.0,420.0,-455.0
1428,2/3,ΠΑΝ. ΘΕΣΣΑΛΙΑΣ,5.0,-2619.0,4386.0,414.0,-75.0,125.0,0.0,275.0
1429,2/3,ΠΑΝ. ΘΕΣΣΑΛΙΑΣ,5.0,-2684.0,588.0,787.0,50.0,625.0,-650.0,275.0
1430,4,ΠΑΝ. ΘΕΣΣΑΛΙΑΣ,3.0,1158.0,-307.0,951.0,-35.0,-46.0,4.0,141.0
1432,2,ΠΑΝ. ΘΕΣΣΑΛΙΑΣ,4.0,-2233.0,2186.0,509.0,-180.0,-185.0,-165.0,970.0
1433,3,ΠΑΝ. ΘΕΣΣΑΛΙΑΣ,4.0,-2699.0,1261.0,454.0,-480.0,415.0,95.0,295.0
1434,2/3/4,ΠΑΝ. ΘΕΣΣΑΛΙΑΣ,5.0,-2320.0,4594.0,-44.0,-415.0,460.0,-255.0,180.0
1435,1/4,ΠΑΝ. ΘΕΣΣΑΛΙΑΣ,4.0,-497.0,38.0,-83.0,190.0,-290.0,80.0,-170.0
1436,2/4,ΠΑΝ. ΘΕΣΣΑΛΙΑΣ,4.0,-1161.0,6700.0,-1950.0,170.0,-50.0,-580.0,530.0
1437,2,ΠΑΝ. ΘΕΣΣΑΛΙΑΣ,4.0,-1676.0,1129.0,196.0,400.0,-175.0,175.0,575.0
1438,3,ΠΑΝ. ΘΕΣΣΑΛΙΑΣ,5.0,-1782.0,1751.0,-466.0,-980.0,960.0,240.0,220.0
1439,2/4,ΠΑΝ. ΘΕΣΣΑΛΙΑΣ,3.0,-33.0,1331.0,664.0,610.0,320.0,45.0,275.0
1452,2/3,ΙΟΝΙΟ ΠΑΝ/ΜΙΟ,5.0,-3095.0,2552.0,133.0,-291.0,489.0,-122.0,285.0
1453,2/3/4,ΙΟΝΙΟ ΠΑΝ/ΜΙΟ,6.0,-5838.0,8529.0,76.0,-1065.0,315.0,-85.0,-200.0
1455,4,ΙΟΝΙΟ ΠΑΝ/ΜΙΟ,3.0,1074.0,1320.0,1130.0,50.0,-40.0,200.0,-370.0
1456,1/4,ΙΟΝΙΟ ΠΑΝ/ΜΙΟ,5.0,-1320.0,1148.0,202.0,355.0,-50.0,-430.0,-440.0
1511,2/3,ΠΑΝ. ΠΕΛ/ΝΗΣΟΥ,5.0,-2200.0,2725.0,171.0,-176.0,548.0,-272.0,196.0
1512,2/3,ΠΑΝ. ΠΕΛ/ΝΗΣΟΥ,4.0,-2028.0,374.0,541.0,-170.0,1020.0,-710.0,190.0
1513,4,ΠΑΝ. ΠΕΛ/ΝΗΣΟΥ,3.0,1402.0,-335.0,1595.0,-685.0,245.0,555.0,-335.0
1514,4,ΠΑΝ. ΠΕΛ/ΝΗΣΟΥ,4.0,803.0,1026.0,1739.0,-345.0,165.0,905.0,-380.0
1515,3,ΠΑΝ. ΠΕΛ/ΝΗΣΟΥ,5.0,-3204.0,1145.0,1005.0,-400.0,640.0,0.0,420.0
1516,3,ΠΑΝ. ΠΕΛ/ΝΗΣΟΥ,4.0,-2154.0,459.0,616.0,-390.0,670.0,-670.0,290.0
1517,1/2/3/4,ΠΑΝ. ΠΕΛ/ΝΗΣΟΥ,5.0,-1207.0,1303.0,47.0,25.0,-50.0,-50.0,-175.0
1518,4,ΠΑΝ. ΠΕΛ/ΝΗΣΟΥ,3.0,1849.0,704.0,1046.0,25.0,-100.0,725.0,575.0
1519,2/4,ΠΑΝ. ΠΕΛ/ΝΗΣΟΥ,4.0,-497.0,1224.0,1509.0,272.0,348.0,-388.0,224.0
1520,3,ΠΑΝ. ΠΕΛ/ΝΗΣΟΥ,5.0,-2082.0,1266.0,174.0,-250.0,350.0,60.0,430.0
1522,2,ΠΑΝ. ΠΕΛ/ΝΗΣΟΥ,3.0,-212.0,203.0,328.0,395.0,1447.0,688.0,1805.0
1523,2,ΠΑΝ. ΠΕΛ/ΝΗΣΟΥ,3.0,170.0,-408.0,283.0,50.0,1200.0,1700.0,1650.0
1524,2,ΠΑΝ. ΠΕΛ/ΝΗΣΟΥ,4.0,333.0,828.0,132.0,368.0,600.0,718.0,1594.0
1541,2,ΠΑΝ. ΔΥΤ. ΜΑΚ.,6.0,-3989.0,8072.0,553.0,-75.0,-175.0,100.0,700.0
1542,2/4,ΠΑΝ. ΔΥΤ. ΜΑΚ.,4.0,-471.0,1691.0,1334.0,200.0,450.0,100.0,425.0
1544,4,ΠΑΝ. ΔΥΤ. ΜΑΚ.,4.0,-65.0,3173.0,612.0,-140.0,-100.0,950.0,400.0
1545,4,ΠΑΝ. ΔΥΤ. ΜΑΚ.,4.0,-75.0,2632.0,193.0,-260.0,10.0,-240.0,70.0
1546,4,ΠΑΝ. ΔΥΤ. ΜΑΚ.,5.0,-659.0,2526.0,869.0,-520.0,340.0,-250.0,-300.0
1547,2/4,ΠΑΝ. ΔΥΤ. ΜΑΚ.,6.0,-896.0,3917.0,-127.0,-180.0,-145.0,-135.0,-90.0
1548,4,ΠΑΝ. ΔΥΤ. ΜΑΚ.,4.0,5.0,154.0,261.0,-375.0,955.0,1460.0,-1410.0
1549,4,ΠΑΝ. ΔΥΤ. ΜΑΚ.,4.0,-145.0,2403.0,822.0,-25.0,-25.0,75.0,-125.0
1550,1,ΠΑΝ. ΔΥΤ. ΜΑΚ.,5.0,34.0,101.0,-1591.0,1075.0,-180.0,-175.0,10.0
1551,1/4,ΠΑΝ. ΔΥΤ. ΜΑΚ.,4.0,-780.0,1493.0,702.0,610.0,240.0,-250.0,-70.0
1552,2/3,ΠΑΝ. ΔΥΤ. ΜΑΚ.,5.0,-2602.0,3847.0,-202.0,-30.0,300.0,10.0,360.0
1553,3,ΠΑΝ. ΔΥΤ. ΜΑΚ.,4.0,-2826.0,1025.0,64.0,-343.0,366.0,1678.0,-1681.0
1554,2/4,ΠΑΝ. ΔΥΤ. ΜΑΚ.,4.0,-408.0,730.0,1005.0,-340.0,1280.0,-160.0,1700.0
1555,2,ΠΑΝ. ΔΥΤ. ΜΑΚ.,4.0,-3531.0,4253.0,-428.0,450.0,-225.0,125.0,850.0
1558,3,ΠΑΝ. ΔΥΤ. ΜΑΚ.,3.0,-2530.0,1059.0,60.0,-441.0,768.0,-421.0,348.0
1563,2,ΠΑΝ. ΔΥΤ. ΜΑΚ.,4.0,342.0,640.0,-1070.0,585.0,-295.0,120.0,1095.0
1564,2,ΠΑΝ. ΔΥΤ. ΜΑΚ.,3.0,95.0,411.0,89.0,-40.0,-640.0,-355.0,1350.0
1601,4,ΔΙ.ΠΑ.Ε.,3.0,530.0,-335.0,1110.0,125.0,150.0,200.0,200.0
1602,4,ΔΙ.ΠΑ.Ε.,3.0,940.0,-187.0,542.0,-760.0,535.0,475.0,-570.0
1603,4,ΔΙ.ΠΑ.Ε.,3.0,358.0,1918.0,1097.0,685.0,245.0,140.0,280.0
1604,4,ΔΠΘ,4.0,75.0,1614.0,881.0,-520.0,145.0,380.0,0.0
1605,4,ΔΙ.ΠΑ.Ε.,3.0,862.0,-433.0,1293.0,-230.0,250.0,540.0,-150.0
1606,4,ΔΙ.ΠΑ.Ε.,4.0,1031.0,-396.0,881.0,-320.0,520.0,400.0,-200.0
1607,4,ΔΠΘ,4.0,107.0,2923.0,757.0,-250.0,90.0,1260.0,450.0
1609,1/4,ΔΙ.ΠΑ.Ε.,4.0,-1287.0,618.0,257.0,-150.0,-300.0,25.0,325.0
1610,1/2/3/4,ΔΙ.ΠΑ.Ε.,4.0,-1092.0,-208.0,-117.0,375.0,-275.0,-225.0,200.0
1613,3,ΔΙ.ΠΑ.Ε.,4.0,-1866.0,1514.0,-419.0,-930.0,670.0,-360.0,110.0
1614,3,ΔΙ.ΠΑ.Ε.,4.0,-2840.0,1463.0,70.0,-1196.0,814.0,1040.0,-1102.0
1615,3,ΔΙ.ΠΑ.Ε.,5.0,-1305.0,1245.0,-205.0,-520.0,645.0,-125.0,360.0
1616,3,ΔΙ.ΠΑ.Ε.,5.0,-1420.0,1388.0,-318.0,-250.0,-20.0,-250.0,855.0
1617,3,ΔΠΘ,5.0,-2347.0,4279.0,-12554.0,11985.0,-310.0,-1775.0,575.0
1618,3,ΔΙ.ΠΑ.Ε.,4.0,-2204.0,1307.0,98.0,-630.0,460.0,80.0,-800.0
1619,2,ΔΙ.ΠΑ.Ε.,3.0,-205.0,581.0,-461.0,930.0,490.0,1640.0,2450.0
1620,2,ΔΙ.ΠΑ.Ε.,5.0,-1743.0,4622.0,938.0,-190.0,-70.0,1130.0,1130.0
1621,2,ΔΙ.ΠΑ.Ε.,4.0,-65.0,1605.0,235.0,636.0,1401.0,677.0,1634.0
1622,2/4,ΔΙ.ΠΑ.Ε.,4.0,1323.0,590.0,65.0,490.0,970.0,10.0,550.0
1623,2,ΔΙ.ΠΑ.Ε.,4.0,-454.0,1731.0,-116.0,310.0,760.0,425.0,890.0
1624,2/4,ΔΙ.ΠΑ.Ε.,3.0,170.0,742.0,-37.0,200.0,920.0,685.0,890.0
1625,2/4,ΔΙ.ΠΑ.Ε.,4.0,519.0,671.0,-116.0,565.0,585.0,-290.0,735.0
1626,2/4,ΔΙ.ΠΑ.Ε.,4.0,1739.0,4082.0,408.0,690.0,520.0,995.0,770.0
1627,2/4,ΔΙ.ΠΑ.Ε.,4.0,-1330.0,3391.0,1009.0,-25.0,-25.0,325.0,100.0
1628,2,ΔΠΘ,5.0,-3169.0,3556.0,-76.0,228.0,-170.0,166.0,1801.0
1629,2/3,ΔΠΘ,6.0,-2054.0,1189.0,-361.0,-558.0,718.0,-76.0,878.0
1630,2/4,ΔΠΘ,4.0,128.0,826.0,592.0,215.0,777.0,745.0,285.0
1632,2/3,ΔΠΘ,6.0,-4373.0,-2550.0,8980.0,-310.0,620.0,240.0,345.0
1633,2/3,ΔΠΘ,5.0,-2944.0,4126.0,494.0,-490.0,380.0,70.0,230.0
1634,2/3,ΔΙ.ΠΑ.Ε.,4.0,-1788.0,1133.0,367.0,-625.0,650.0,240.0,-730.0
1635,2/3,ΔΙ.ΠΑ.Ε.,4.0,-1555.0,906.0,289.0,-945.0,835.0,-110.0,215.0
1651,3,ΕΛ.ΜΕ.ΠΑ.,4.0,-2898.0,1260.0,565.0,1375.0,-1325.0,-325.0,-25.0
1652,1,ΕΛ.ΜΕ.ΠΑ.,4.0,280.0,392.0,-1692.0,950.0,-550.0,200.0,-75.0
1653,3,ΕΛ.ΜΕ.ΠΑ.,5.0,-2788.0,488.0,627.0,-180.0,890.0,-540.0,280.0
1654,4,ΕΛ.ΜΕ.ΠΑ.,3.0,718.0,591.0,584.0,-440.0,870.0,200.0,-80.0
1655,4,ΕΛ.ΜΕ.ΠΑ.,2.0,623.0,958.0,480.0,-248.0,1232.0,16.0,-96.0
1656,4,ΕΛ.ΜΕ.ΠΑ.,4.0,-137.0,3257.0,493.0,-100.0,-70.0,695.0,205.0
1657,2/3,ΕΛ.ΜΕ.ΠΑ.,4.0,-2285.0,2065.0,-140.0,130.0,940.0,-670.0,-80.0
1659,2,ΕΛ.ΜΕ.ΠΑ.,3.0,-270.0,510.0,55.0,485.0,1595.0,1120.0,1890.0
1660,2,ΕΛ.ΜΕ.ΠΑ.,3.0,-192.0,1769.0,466.0,200.0,970.0,690.0,1570.0
1662,2/4,ΕΛ.ΜΕ.ΠΑ.,3.0,-574.0,2375.0,422.0,198.0,370.0,331.0,894.0
1664,2/4,ΕΛ.ΜΕ.ΠΑ.,4.0,-982.0,3298.0,877.0,-25.0,0.0,50.0,-125.0
