code,field,university,avg_pref_success,base_2013,base_2014,base_2015,base_2016,base_2017,base_2018,base_2019,base_2020,base_2021,base_2022,base_2023,base_2024,base_2025,base_2026
97,4,ΔΠΘ,4.0,12014.0,12422.0,13013.0,12491.0,11245.0,11052.0,9305.0,10600.0,9950.0,10728.0,9916.0,9764.0,9696.0,8940.0
98,2/4,ΠΑΝ. ΠΕΛ/ΝΗΣΟΥ,5.0,10732.0,11678.0,11851.0,12375.0,12347.0,11801.0,10373.0,10450.0,10511.0,11875.0,11650.0,11425.0,11550.0,12400.0
99,2/4,ΠΑΝ. ΘΕΣΣΑΛΙΑΣ,5.0,10590.0,11676.0,11922.0,12206.0,12275.0,12437.0,11405.0,11875.0,11807.0,12950.0,13800.0,12375.0,10500.0,10325.0
101,1,ΕΚΠΑ,5.0,11196.0,11584.0,11542.0,11515.0,11472.0,10675.0,8793.0,7400.0,8293.0,9290.0,9400.0,9460.0,9130.0,8870.0
102,1,ΠΑΝ. ΠΑΤΡΩΝ,5.0,13229.0,13395.0,12801.0,13092.0,13152.0,11989.0,10504.0,9925.0,9517.0,10220.0,8920.0,9940.0,9360.0,9240.0
103,1,ΑΠΘ,5.0,10933.0,11346.0,11256.0,11275.0,11462.0,10536.0,8915.0,7375.0,8680.0,9100.0,9550.0,9150.0,9050.0,8975.0
104,1,ΠΑΝ. ΠΕΛ/ΝΗΣΟΥ,4.0,13009.0,13453.0,12478.0,12934.0,13190.0,11868.0,10182.0,8625.0,9495.0,9450.0,9035.0,8700.0,8760.0,8700.0
105,1,ΕΚΠΑ,5.0,10981.0,11508.0,11208.0,11131.0,11506.0,10748.0,9019.0,7750.0,8636.0,8930.0,9260.0,8750.0,8860.0,8730.0
107,1,ΑΠΘ,5.0,10232.0,10787.0,10838.0,10726.0,10964.0,10282.0,8468.0,6950.0,8257.0,9055.0,9535.0,9400.0,8940.0,9005.0
109,1,ΕΚΠΑ,3.0,17314.0,17525.0,16680.0,16372.0,16448.0,16267.0,14677.0,14550.0,12847.0,13526.0,13012.0,12660.0,11304.0,11160.0
110,1,ΕΚΠΑ,2.0,16724.0,17122.0,16134.0,16000.0,16167.0,16231.0,15306.0,15150.0,14161.0,12422.0,12614.0,11958.0,11838.0,11660.0
111,1,ΑΠΘ,3.0,17375.0,17409.0,16468.0,16380.0,16386.0,15863.0,14431.0,13525.0,12495.0,13620.0,13994.0,11495.0,11127.0,12287.0
112,1,ΑΠΘ,3.0,16687.0,16754.0,15819.0,15851.0,15974.0,15853.0,14747.0,14450.0,13574.0,13625.0,14125.0,12575.0,12425.0,11225.0
113,1,ΠΑΝ. ΙΩΑΝΝΙΝΩΝ,4.0,15911.0,15913.0,14658.0,14895.0,14838.0,13644.0,11817.0,9825.0,9582.0,10096.0,10411.0,10346.0,9451.0,9362.0
114,1,ΠΑΝ. ΙΩΑΝΝΙΝΩΝ,4.0,14421.0,14948.0,13418.0,13851.0,14038.0,12707.0,11706.0,9525.0,9300.0,10276.0,10354.0,9458.0,9433.0,9070.0
115,1,ΠΑΝ. ΚΡΗΤΗΣ,4.0,15344.0,14865.0,13846.0,14166.0,14060.0,12540.0,10572.0,8525.0,8696.0,9118.0,9558.0,9308.0,9134.0,9052.0
116,1,ΠΑΝ. ΚΡΗΤΗΣ,4.0,13784.0,14102.0,13154.0,13501.0,13500.0,12359.0,10737.0,8750.0,10528.0,9125.0,9425.0,9175.0,9050.0,8975.0
117,1,ΕΚΠΑ,1.0,18571.0,18714.0,18223.0,18229.0,18199.0,18219.0,18013.0,18050.0,18157.0,17950.0,18125.0,18025.0,17875.0,17875.0
119,1,ΑΠΘ,1.0,18400.0,18615.0,18058.0,17938.0,17953.0,17965.0,17824.0,17825.0,17814.0,17150.0,17640.0,17340.0,17280.0,17260.0
120,1,ΑΠΘ,3.0,16133.0,16172.0,15251.0,15380.0,15422.0,14748.0,13333.0,12800.0,12909.0,13420.0,12330.0,11860.0,11580.0,11340.0
121,1,ΔΠΘ,3.0,17914.0,18303.0,17546.0,17409.0,17515.0,17465.0,17225.0,17250.0,17048.0,16500.0,16975.0,16650.0,16725.0,16700.0
122,1,ΠΑΝ. ΙΩΑΝΝΙΝΩΝ,5.0,14254.0,14377.0,13647.0,14059.0,14368.0,13319.0,9798.0,8650.0,8807.0,9619.0,9931.0,9220.0,9180.0,9040.0
123,1,ΕΚΠΑ,3.0,16601.0,16994.0,16368.0,16357.0,16497.0,16658.0,16166.0,16475.0,15427.0,14520.0,14770.0,14340.0,14430.0,14650.0
124,1/4,ΠΑΝΤΕΙΟ,4.0,14612.0,15006.0,14701.0,12334.0,14502.0,15117.0,14296.0,14375.0,13386.0,13150.0,13625.0,13125.0,13075.0,13125.0
125,1,ΠΑΝΤΕΙΟ,4.0,15324.0,15672.0,15343.0,15579.0,15862.0,15722.0,14682.0,15025.0,13240.0,12620.0,13120.0,12650.0,12760.0,12930.0
126,1,ΠΑΝΤΕΙΟ,3.0,15531.0,15969.0,15170.0,15408.0,15683.0,15722.0,15163.0,15625.0,15532.0,14320.0,15010.0,14260.0,13860.0,13640.0
128,1/2/3/4,ΕΚΠΑ,2.0,16609.0,16860.0,16075.0,14670.0,14915.0,16059.0,15732.0,16000.0,16161.0,15750.0,16225.0,16100.0,16250.0,15950.0
129,1,ΑΠΘ,2.0,21054.0,20759.0,20206.0,19874.0,19995.0,20039.0,19312.0,19075.0,18427.0,16805.0,18585.0,18550.0,18150.0,17425.0
130,1/2/3/4,ΠΑΝ. ΙΩΑΝΝΙΝΩΝ,3.0,14592.0,14612.0,14606.0,11425.0,12468.0,14267.0,13812.0,13725.0,14268.0,13800.0,14450.0,14600.0,14575.0,14100.0
131,1,ΕΚΠΑ,3.0,9273.0,11803.0,12764.0,13331.0,12289.0,10900.0,8844.0,7100.0,10615.0,11430.0,12220.0,11820.0,11680.0,12390.0
132,1/2/3/4,ΠΑΝ. ΚΡΗΤΗΣ,4.0,13847.0,14146.0,14026.0,10985.0,12060.0,13782.0,13024.0,12850.0,13402.0,12675.0,13350.0,13625.0,13375.0,12875.0
133,1,ΑΠΘ,3.0,6595.0,5394.0,9472.0,11700.0,6596.0,6834.0,5580.0,5380.0,11133.0,11985.0,12265.0,12070.0,11715.0,12005.0
134,1/2/3/4,ΑΠΘ,3.0,15558.0,15723.0,15078.0,12151.0,13116.0,14674.0,14079.0,14275.0,14311.0,13625.0,14175.0,14175.0,13875.0,14175.0
135,1,ΕΚΠΑ,2.0,14793.0,12907.0,6636.0,11559.0,9818.0,10424.0,10403.0,6775.0,10989.0,11035.0,11985.0,11945.0,11850.0,11795.0
136,1/2/3/4,ΠΑΝ. ΠΑΤΡΩΝ,3.0,13992.0,13650.0,13715.0,10396.0,11815.0,13618.0,12680.0,12325.0,12487.0,12420.0,12940.0,13100.0,13000.0,12760.0
137,1,ΑΠΘ,2.0,17394.0,12346.0,6682.0,12615.0,11791.0,11310.0,11602.0,7375.0,10769.0,11200.0,11500.0,11970.0,11030.0,11750.0
138,1,ΠΑΝ. ΚΡΗΤΗΣ,5.0,12465.0,12846.0,12077.0,12612.0,12856.0,11596.0,9688.0,8400.0,8168.0,9135.0,9170.0,9185.0,9130.0,8895.0
139,1,ΑΠΘ,2.0,10955.0,6973.0,5597.0,5652.0,4006.0,5350.0,4016.0,6340.0,10783.0,11460.0,12500.0,12730.0,12080.0,11640.0
140,1/2/3/4,ΑΠΘ,3.0,16199.0,16345.0,15733.0,13595.0,14148.0,15473.0,15262.0,15275.0,15821.0,15450.0,16050.0,16100.0,15950.0,15800.0
142,1/2/3/4,ΔΠΘ,4.0,13366.0,13579.0,13576.0,10327.0,11613.0,13318.0,12667.0,11800.0,12635.0,12325.0,12925.0,13025.0,13000.0,12400.0
143,1/2/3/4,ΠΑΝ. ΑΙΓΑΙΟΥ,5.0,12687.0,13200.0,12984.0,9887.0,10992.0,12777.0,11872.0,10900.0,11529.0,11125.0,11925.0,12125.0,11875.0,10950.0
144,4,ΧΑΡΟΚΟΠΕΙΟ,4.0,11584.0,11251.0,12143.0,11737.0,11177.0,10958.0,10379.0,11100.0,11844.0,12148.0,12451.0,12552.0,12556.0,12613.0
145,1,ΙΟΝΙΟ ΠΑΝ/ΜΙΟ,5.0,11982.0,12415.0,11910.0,12381.0,12648.0,11268.0,9447.0,7475.0,9813.0,8420.0,8540.0,8400.0,8560.0,8400.0
146,1/2/3/4,ΕΚΠΑ,3.0,13363.0,13035.0,13472.0,13333.0,13509.0,13074.0,12602.0,11125.0,11128.0,10780.0,10760.0,10170.0,10550.0,10875.0
147,1,ΑΠΘ,3.0,16848.0,17020.0,16752.0,16569.0,16831.0,16799.0,15949.0,15415.0,14983.0,15950.0,16640.0,16040.0,16860.0,16840.0
148,1,ΕΚΠΑ,3.0,17849.0,17989.0,17647.0,17349.0,17391.0,17426.0,16845.0,16470.0,16305.0,15950.0,16370.0,15840.0,16110.0,16070.0
149,1,ΠΑΝ. ΚΡΗΤΗΣ,4.0,11956.0,12804.0,12093.0,12742.0,13280.0,13085.0,12602.0,12375.0,11093.0,10110.0,10840.0,10620.0,10250.0,10280.0
150,4,ΟΠΑ,3.0,13878.0,14578.0,14787.0,14247.0,13016.0,13159.0,13804.0,14100.0,14384.0,14780.0,15170.0,14790.0,15150.0,15450.0
151,1,ΠΑΝ. ΚΡΗΤΗΣ,4.0,17306.0,17811.0,17162.0,17121.0,17274.0,17341.0,16846.0,17075.0,17135.0,15905.0,16770.0,16520.0,16165.0,16085.0
152,4,ΠΑΝΤΕΙΟ,6.0,12698.0,13223.0,13870.0,13157.0,12150.0,11897.0,11893.0,12700.0,11902.0,12550.0,12750.0,12675.0,12675.0,12550.0
153,1,ΠΑΝΤΕΙΟ,3.0,16761.0,17107.0,16859.0,16570.0,16902.0,16719.0,16137.0,15490.0,14493.0,14480.0,14960.0,14720.0,15150.0,15330.0
154,1/2/3/4,ΕΚΠΑ,2.0,16000.0,16313.0,15430.0,13320.0,14195.0,15340.0,15092.0,15350.0,15006.0,14675.0,15250.0,14800.0,14800.0,14800.0
155,4,ΠΑΝ. ΠΕΙΡΑΙΑ,3.0,15563.0,16269.0,16196.0,15458.0,14269.0,14082.0,14494.0,14325.0,14153.0,14350.0,14775.0,14550.0,14850.0,15000.0
156,1/2/3/4,ΠΑΝ. ΙΩΑΝΝΙΝΩΝ,4.0,13009.0,13126.0,13062.0,9331.0,10833.0,12840.0,12074.0,11375.0,11566.0,11645.0,12170.0,11970.0,11905.0,11640.0
157,4,ΠΑΝ. ΠΕΙΡΑΙΑ,2.0,15975.0,16350.0,16516.0,16086.0,15133.0,15493.0,15971.0,15970.0,15317.0,17040.0,17880.0,18320.0,19210.0,19600.0
158,1/2/3/4,ΠΑΝ. ΚΡΗΤΗΣ,4.0,12693.0,12827.0,12678.0,9179.0,10659.0,12495.0,11553.0,10600.0,10803.0,11360.0,11920.0,12040.0,11600.0,11260.0
159,1/4,ΠΑΝΤΕΙΟ,4.0,13929.0,14133.0,14260.0,14538.0,14693.0,14553.0,13261.0,13575.0,12410.0,12060.0,12760.0,12210.0,12430.0,12410.0
160,1/2/3/4,ΔΠΘ,5.0,12026.0,12523.0,12382.0,8667.0,10289.0,12275.0,11225.0,9925.0,10339.0,10325.0,10925.0,11050.0,10750.0,10400.0
161,1/4,ΠΑΝ. ΜΑΚΕΔ.,2.0,13497.0,12841.0,14240.0,14066.0,12878.0,12738.0,16937.0,17635.0,17217.0,18275.0,18805.0,18895.0,19295.0,18635.0
162,1/2/3/4,ΠΑΝ. ΑΙΓΑΙΟΥ,6.0,11443.0,12165.0,11934.0,8368.0,10060.0,11932.0,10803.0,9250.0,9785.0,9850.0,10300.0,10525.0,10150.0,9850.0
163,1/2/3/4,ΑΠΘ,2.0,13536.0,13429.0,13424.0,14890.0,14660.0,13847.0,13243.0,12750.0,12978.0,13350.0,13300.0,12975.0,13125.0,12625.0
164,1/2/3/4,ΠΑΝ. ΘΕΣΣΑΛΙΑΣ,3.0,14870.0,15121.0,14865.0,11966.0,13089.0,14647.0,14361.0,14300.0,14816.0,14325.0,15125.0,15200.0,15125.0,14550.0
165,1,ΠΑΝΤΕΙΟ,4.0,14063.0,14668.0,14461.0,14805.0,15073.0,14867.0,13937.0,13800.0,13060.0,12460.0,13180.0,12460.0,12300.0,12220.0
166,1/2/3/4,ΠΑΝ. ΘΕΣΣΑΛΙΑΣ,4.0,13701.0,13778.0,13607.0,9994.0,11414.0,13314.0,12773.0,12100.0,12176.0,12050.0,12600.0,12325.0,12425.0,12075.0
167,1,ΠΑΝ. ΑΙΓΑΙΟΥ,6.0,10848.0,11623.0,11271.0,11682.0,12121.0,11047.0,9932.0,7750.0,8303.0,8650.0,9220.0,8960.0,9075.0,9000.0
168,1/2/3/4,ΑΠΘ,2.0,13326.0,13540.0,13950.0,13609.0,14448.0,14105.0,13635.0,13000.0,12259.0,12400.0,12875.0,11625.0,11425.0,11125.0
169,1/2/3/4,ΠΑΝ. ΠΑΤΡΩΝ,5.0,11310.0,11659.0,11779.0,11752.0,12124.0,11100.0,10190.0,8250.0,9509.0,10070.0,10670.0,9320.0,9040.0,9645.0
170,1,ΠΑΝΤΕΙΟ,2.0,17739.0,18081.0,17478.0,17381.0,17487.0,17579.0,17285.0,17550.0,17584.0,17170.0,17520.0,17290.0,17100.0,17080.0
171,1,ΕΚΠΑ,1.0,17794.0,18205.0,17751.0,17725.0,17826.0,17949.0,17608.0,17875.0,18007.0,17420.0,17845.0,17595.0,17475.0,17395.0
172,1,ΑΠΘ,1.0,17881.0,18197.0,17596.0,17517.0,17549.0,17711.0,17529.0,17725.0,17767.0,16985.0,17565.0,17340.0,17150.0,17040.0
173,1/2/3/4,ΕΚΠΑ,4.0,12893.0,12976.0,13195.0,13982.0,14072.0,13841.0,12036.0,11775.0,11126.0,11372.0,11096.0,10966.0,10810.0,10674.0
174,1,ΠΑΝ. ΜΑΚΕΔ.,3.0,16714.0,17010.0,16628.0,16340.0,16566.0,16711.0,15816.0,15900.0,15614.0,14075.0,14425.0,13725.0,13550.0,13450.0
175,1,ΠΑΝ. ΠΑΤΡΩΝ,4.0,15923.0,16349.0,15408.0,15197.0,15272.0,14185.0,12599.0,11525.0,10552.0,11230.0,10800.0,10750.0,10060.0,9790.0
176,1/4,ΠΑΝ. ΜΑΚΕΔ.,3.0,14952.0,15498.0,14742.0,14924.0,15401.0,15216.0,14021.0,12950.0,12267.0,12430.0,12670.0,11840.0,12240.0,12110.0
177,1,ΠΑΝ. ΘΕΣΣΑΛΙΑΣ,3.0,14508.0,14812.0,14162.0,14252.0,14332.0,14058.0,12956.0,11275.0,11216.0,10150.0,10550.0,10000.0,9775.0,9675.0
178,1/2/3/4,ΠΑΝ. ΘΕΣΣΑΛΙΑΣ,3.0,16274.0,16699.0,16119.0,13203.0,14557.0,16175.0,15685.0,15725.0,15188.0,14375.0,14150.0,13100.0,13050.0,12425.0
179,1/4,ΠΑΝΤΕΙΟ,3.0,17450.0,17745.0,17607.0,17587.0,17878.0,18141.0,17602.0,17695.0,16906.0,16560.0,17140.0,16480.0,17040.0,16860.0
180,4,ΠΑΝ. ΑΙΓΑΙΟΥ,3.0,11545.0,11614.0,12257.0,12150.0,11134.0,11080.0,9753.0,8000.0,9682.0,9620.0,10150.0,9850.0,9890.0,10720.0
181,1/4,ΠΑΝ. ΑΙΓΑΙΟΥ,5.0,10541.0,11125.0,11158.0,11433.0,11865.0,10848.0,9087.0,7150.0,8538.0,9105.0,9040.0,8765.0,8798.0,8534.0
182,1,ΕΚΠΑ,2.0,9605.0,5180.0,9161.0,5200.0,9241.0,5359.0,6980.0,4400.0,10665.0,11310.0,13170.0,12515.0,12245.0,11420.0
183,1,ΕΚΠΑ,2.0,10483.0,4404.0,10953.0,8835.0,5681.0,10891.0,6817.0,8945.0,10830.0,11510.0,12270.0,12630.0,11545.0,12710.0
187,1,ΠΑΝ. ΠΕΛ/ΝΗΣΟΥ,5.0,11960.0,13008.0,12584.0,13207.0,13451.0,13019.0,11975.0,11150.0,10553.0,10370.0,10430.0,10230.0,10540.0,10320.0
188,1,ΕΚΠΑ,4.0,12792.0,13042.0,13049.0,13287.0,13543.0,13504.0,11577.0,10425.0,10734.0,11240.0,11900.0,11090.0,11250.0,11060.0
189,1,ΠΑΝ. ΠΕΛ/ΝΗΣΟΥ,5.0,14549.0,14827.0,13256.0,13666.0,13569.0,12305.0,10375.0,8900.0,9526.0,10210.0,9510.0,9590.0,8900.0,8730.0
190,3,ΠΑΝ. ΠΕΛ/ΝΗΣΟΥ,5.0,13964.0,14602.0,14650.0,16762.0,16594.0,14716.0,11495.0,8600.0,9966.0,10570.0,10270.0,11950.0,9755.0,10195.0
192,1,ΕΚΠΑ,3.0,13382.0,14036.0,13943.0,14221.0,14728.0,14925.0,13691.0,12275.0,11309.0,11095.0,11120.0,10770.0,10225.0,10345.0
200,2/3,ΠΑΝ. ΚΡΗΤΗΣ,5.0,9872.0,8941.0,10051.0,10066.0,10794.0,9108.0,6374.0,4175.0,9391.0,9645.0,9975.0,9640.0,10780.0,11020.0
201,2,ΕΜΠ,2.0,17225.0,18106.0,16785.0,17130.0,16796.0,16860.0,16385.0,16400.0,17076.0,17094.0,17497.0,16832.0,17265.0,18088.0
203,2,ΑΠΘ,3.0,16504.0,17329.0,15977.0,16053.0,15458.0,15345.0,14467.0,14850.0,15584.0,15205.0,15910.0,15355.0,15850.0,17055.0
205,2,ΠΑΝ. ΠΑΤΡΩΝ,4.0,15374.0,16497.0,15006.0,15139.0,14536.0,14264.0,13460.0,13650.0,14289.0,13995.0,14750.0,14285.0,14545.0,16320.0
207,2,ΔΠΘ,4.0,14305.0,15589.0,14170.0,13892.0,13497.0,12913.0,11992.0,12150.0,12772.0,12900.0,13276.0,12852.0,13164.0,14572.0
208,2,ΠΑΝ. ΘΕΣΣΑΛΙΑΣ,4.0,15025.0,16194.0,14698.0,14742.0,14315.0,14086.0,13140.0,13175.0,14019.0,13790.0,14365.0,13630.0,14105.0,15785.0
209,2,ΕΜΠ,1.0,19404.0,18943.0,18309.0,18467.0,18164.0,18033.0,18014.0,17775.0,18267.0,18196.0,18554.0,18230.0,18128.0,18738.0
210,2,ΠΑΝ. ΔΥΤ. ΜΑΚ.,4.0,14960.0,16920.0,15382.0,15792.0,15346.0,15466.0,14736.0,14500.0,14887.0,14260.0,14804.0,14518.0,14714.0,15698.0
211,2,ΑΠΘ,2.0,17508.0,18476.0,17529.0,17856.0,17459.0,17463.0,17169.0,16950.0,17750.0,17175.0,17750.0,17450.0,17525.0,18225.0
212,2/3/4,ΔΠΘ,6.0,8207.0,8180.0,8360.0,6582.0,10493.0,9925.0,6537.0,2050.0,9492.0,9595.0,8220.0,8950.0,8640.0,8080.0
213,2,ΠΑΝ. ΠΑΤΡΩΝ,2.0,16878.0,17931.0,16967.0,17394.0,17068.0,16952.0,16811.0,16500.0,17273.0,16830.0,17340.0,16700.0,17130.0,18120.0
214,2,ΠΟΛ/ΧΝΕΙΟ ΚΡΗΤΗΣ,4.0,12217.0,11732.0,12072.0,12233.0,12300.0,10440.0,8080.0,7325.0,11754.0,12475.0,12975.0,13400.0,14750.0,14400.0
215,2,ΠΑΝ. ΠΑΤΡΩΝ,3.0,14772.0,15504.0,15415.0,15111.0,14658.0,14715.0,14082.0,13575.0,14226.0,13896.0,14753.0,14260.0,14500.0,15785.0
216,2/4,ΠΑΝ. ΚΡΗΤΗΣ,3.0,12553.0,13270.0,13756.0,12590.0,13872.0,14024.0,14668.0,15075.0,15603.0,15617.0,16047.0,15813.0,15646.0,15867.0
217,2,ΕΜΠ,1.0,18471.0,19072.0,18540.0,18628.0,18416.0,18240.0,18314.0,17975.0,18487.0,18470.0,18820.0,18490.0,18390.0,18880.0
218,2/4,ΠΑΝ. ΑΙΓΑΙΟΥ,5.0,9618.0,10636.0,10574.0,10471.0,10692.0,8525.0,5148.0,3925.0,7797.0,8425.0,8575.0,8825.0,8550.0,8475.0
219,2,ΑΠΘ,1.0,17767.0,18670.0,17833.0,18100.0,17691.0,17824.0,17575.0,17450.0,17996.0,17910.0,18260.0,17920.0,17960.0,18550.0
220,2,ΠΑΝ. ΘΕΣΣΑΛΙΑΣ,3.0,15916.0,17496.0,16301.0,16540.0,16242.0,16329.0,15664.0,15650.0,16367.0,15740.0,16405.0,15725.0,16000.0,17015.0
221,2,ΠΑΝ. ΠΑΤΡΩΝ,3.0,16984.0,18013.0,16939.0,17137.0,16789.0,16742.0,16411.0,16350.0,16914.0,16395.0,16925.0,16470.0,16575.0,17520.0
222,2/4,ΠΑΝ. ΑΙΓΑΙΟΥ,4.0,9298.0,9362.0,9864.0,9194.0,10185.0,9766.0,5738.0,4925.0,7694.0,8575.0,8700.0,9100.0,9050.0,9375.0
223,2,ΔΠΘ,4.0,16027.0,17278.0,16084.0,15971.0,15551.0,15504.0,14724.0,14500.0,15039.0,14140.0,14750.0,14120.0,14310.0,15740.0
224,2/4,ΔΠΘ,4.0,12437.0,12778.0,13070.0,13375.0,13307.0,12697.0,11217.0,11050.0,11534.0,11800.0,12370.0,11490.0,11590.0,12820.0
225,2,ΕΜΠ,4.0,14892.0,15224.0,14533.0,14942.0,14220.0,13892.0,13047.0,13025.0,14449.0,14140.0,14775.0,14575.0,14715.0,15815.0
227,2,ΑΠΘ,4.0,14142.0,14993.0,13993.0,13935.0,13244.0,12472.0,11591.0,11725.0,12321.0,12580.0,12960.0,12695.0,12655.0,13880.0
228,2,ΠΑΝ. ΘΕΣΣΑΛΙΑΣ,5.0,11381.0,11406.0,11568.0,11625.0,11754.0,9914.0,7468.0,7600.0,9283.0,9766.0,10613.0,10269.0,10553.0,11690.0
229,2,ΕΜΠ,2.0,18198.0,18700.0,18080.0,18076.0,17852.0,17784.0,17643.0,17325.0,17915.0,17860.0,18250.0,17760.0,17840.0,18590.0
230,2/4,ΠΟΛ/ΧΝΕΙΟ ΚΡΗΤΗΣ,4.0,12898.0,13112.0,13596.0,13727.0,13843.0,13442.0,11986.0,11350.0,12092.0,12190.0,12130.0,12030.0,12290.0,12510.0
231,2,ΕΜΠ,1.0,20193.0,20364.0,19838.0,19999.0,19377.0,19334.0,19050.0,19165.0,19929.0,19285.0,19950.0,19335.0,20380.0,20995.0
232,2,ΠΑΝ. ΠΑΤΡΩΝ,2.0,17751.0,17819.0,17324.0,16836.0,16751.0,15812.0,15602.0,16365.0,18840.0,18010.0,18854.0,18554.0,18690.0,19228.0
233,2,ΑΠΘ,1.0,19170.0,19625.0,18578.0,18483.0,18478.0,18102.0,16952.0,17885.0,17372.0,17070.0,17985.0,17365.0,18135.0,19130.0
234,2,ΔΠΘ,3.0,15493.0,14917.0,14797.0,11965.0,13126.0,11537.0,11233.0,12335.0,0.0,13205.0,14365.0,14650.0,15575.0,16765.0
235,2,ΕΜΠ,2.0,17296.0,18300.0,17456.0,18047.0,17817.0,17595.0,17479.0,17000.0,17774.0,17570.0,18155.0,17510.0,17775.0,18455.0
236,2,ΠΑΝ. ΘΕΣΣΑΛΙΑΣ,2.0,17171.0,17099.0,16742.0,15226.0,15770.0,14424.0,14109.0,15100.0,14217.0,15855.0,16985.0,16400.0,17105.0,18230.0
237,2,ΑΠΘ,2.0,16421.0,17766.0,16876.0,17596.0,17204.0,17027.0,16474.0,16450.0,17096.0,16680.0,17235.0,16640.0,17000.0,17765.0
238,2/4,ΠΑΝ. ΑΙΓΑΙΟΥ,3.0,9816.0,9142.0,10107.0,9117.0,9963.0,9384.0,7342.0,6975.0,9866.0,8840.0,8950.0,9510.0,10330.0,10580.0
239,2,ΠΑΝ. ΠΑΤΡΩΝ,3.0,15758.0,17129.0,16438.0,17062.0,16674.0,16498.0,15918.0,15700.0,16330.0,15815.0,16420.0,15730.0,16275.0,17120.0
240,4,ΟΠΑ,1.0,16632.0,17518.0,17213.0,17041.0,16883.0,17300.0,17959.0,17900.0,18422.0,17925.0,18350.0,18175.0,18400.0,18425.0
241,2,ΕΜΠ,3.0,14405.0,14998.0,14569.0,15253.0,15141.0,14982.0,14311.0,13775.0,13546.0,13175.0,13425.0,13375.0,13800.0,14700.0
242,2,ΠΟΛ/ΧΝΕΙΟ ΚΡΗΤΗΣ,5.0,11130.0,10633.0,11010.0,10758.0,11288.0,9034.0,6063.0,2650.0,9138.0,9280.0,9815.0,9370.0,9440.0,10170.0
243,2,ΕΚΠΑ,2.0,15331.0,15794.0,15514.0,16060.0,15500.0,15152.0,14617.0,14275.0,14671.0,14140.0,14725.0,14405.0,14500.0,15850.0
245,2,ΑΠΘ,2.0,15449.0,16324.0,15574.0,15750.0,15230.0,14620.0,14019.0,13450.0,14485.0,14055.0,14735.0,14460.0,14200.0,14965.0
246,2,ΕΜΠ,3.0,15212.0,15951.0,15547.0,16024.0,15678.0,15748.0,15364.0,15325.0,16058.0,15820.0,16240.0,15510.0,15860.0,16870.0
247,2,ΠΑΝ. ΠΑΤΡΩΝ,3.0,13067.0,13758.0,13634.0,13880.0,13313.0,12260.0,11395.0,10675.0,10618.0,11097.0,11391.0,10064.0,10053.0,10600.0
248,2,ΠΑΝ. ΚΡΗΤΗΣ,4.0,11262.0,11908.0,12373.0,12676.0,12412.0,10201.0,7478.0,6250.0,10102.0,10580.0,10620.0,9450.0,9675.0,10575.0
249,2,ΠΑΝ. ΙΩΑΝΝΙΝΩΝ,4.0,12993.0,13470.0,13464.0,13633.0,13210.0,12050.0,10936.0,10025.0,9357.0,12305.0,13100.0,12150.0,9385.0,10315.0
251,2,ΠΑΝ. ΚΡΗΤΗΣ,4.0,12450.0,13103.0,13287.0,13388.0,13055.0,11413.0,9285.0,8975.0,10829.0,10860.0,10800.0,9375.0,9515.0,10600.0
252,2,ΠΑΝ. ΑΙΓΑΙΟΥ,5.0,11282.0,12471.0,11956.0,12239.0,12020.0,10088.0,7501.0,3125.0,9708.0,9445.0,9670.0,9210.0,11275.0,10590.0
253,2,ΕΚΠΑ,2.0,16171.0,16795.0,16118.0,16608.0,16224.0,16092.0,15417.0,15400.0,15834.0,15217.0,14634.0,14183.0,14513.0,15838.0
255,2,ΑΠΘ,2.0,15338.0,16178.0,15590.0,15883.0,15650.0,15400.0,14339.0,14275.0,14328.0,14163.0,14576.0,14237.0,14518.0,13178.0
257,2,ΠΑΝ. ΠΑΤΡΩΝ,4.0,13895.0,14144.0,14323.0,14731.0,14500.0,13913.0,12836.0,12650.0,11374.0,11670.0,12160.0,11520.0,10920.0,11580.0
259,2,ΠΑΝ. ΙΩΑΝΝΙΝΩΝ,4.0,13321.0,14024.0,13802.0,14158.0,13999.0,13269.0,11379.0,11500.0,9941.0,11857.0,12835.0,10502.0,9365.0,10416.0
261,2,ΠΑΝ. ΚΡΗΤΗΣ,3.0,13073.0,13876.0,13763.0,14261.0,13974.0,13163.0,11375.0,11075.0,14397.0,12160.0,12825.0,12784.0,13073.0,13871.0
262,2/4,ΠΑΝ. ΠΕΙΡΑΙΑ,4.0,13144.0,13939.0,14034.0,13977.0,13965.0,14029.0,14492.0,15025.0,15518.0,15640.0,16260.0,15830.0,15940.0,15860.0
263,2/3,ΕΚΠΑ,4.0,16274.0,17086.0,16653.0,17011.0,17983.0,17761.0,17332.0,16400.0,17394.0,17420.0,17505.0,17180.0,17275.0,17750.0
265,2/3,ΑΠΘ,5.0,15540.0,16501.0,15954.0,16195.0,17714.0,17349.0,16871.0,15625.0,16837.0,16770.0,16825.0,16665.0,16590.0,17215.0
267,2/3,ΠΑΝ. ΠΑΤΡΩΝ,5.0,14893.0,15913.0,15503.0,15790.0,17465.0,17096.0,16616.0,15225.0,16525.0,16540.0,16480.0,16420.0,16240.0,16740.0
269,2/3,ΠΑΝ. ΙΩΑΝΝΙΝΩΝ,5.0,14408.0,15444.0,15017.0,15241.0,17320.0,16867.0,16353.0,14775.0,16200.0,16020.0,15975.0,15720.0,15570.0,16435.0
270,2/3,ΠΑΝ. ΚΡΗΤΗΣ,5.0,14386.0,15410.0,15006.0,15121.0,17275.0,16825.0,16277.0,14625.0,16106.0,15874.0,15690.0,15382.0,15278.0,16083.0
272,2,ΠΑΝ. ΙΩΑΝΝΙΝΩΝ,4.0,10650.0,9396.0,10647.0,10492.0,12149.0,11629.0,9693.0,9300.0,9630.0,10475.0,11375.0,11400.0,11950.0,12650.0
273,2/3,ΑΠΘ,5.0,13927.0,14739.0,14202.0,17120.0,16587.0,16162.0,14644.0,13125.0,14188.0,14220.0,13870.0,14290.0,14380.0,13180.0
274,2/3,ΠΑΝ. ΘΕΣΣΑΛΙΑΣ,4.0,12948.0,13590.0,13147.0,15485.0,15506.0,14668.0,11950.0,10275.0,10611.0,10920.0,9810.0,10970.0,11010.0,11400.0
275,2/3,ΑΠΘ,5.0,11643.0,11442.0,11813.0,11187.0,13434.0,12382.0,10870.0,8775.0,12072.0,11810.0,10730.0,11670.0,11340.0,10460.0
276,2/3/4,ΠΑΝ. ΑΙΓΑΙΟΥ,5.0,9300.0,8065.0,9007.0,8082.0,11005.0,10713.0,7353.0,4300.0,9997.0,8730.0,8270.0,8650.0,8550.0,8440.0
277,2/3,ΕΚΠΑ,4.0,17392.0,18245.0,17677.0,18335.0,18335.0,18051.0,17688.0,16750.0,17663.0,17552.0,17703.0,17493.0,17428.0,17695.0
279,2/3,ΑΠΘ,5.0,17253.0,18057.0,17439.0,18246.0,18205.0,17889.0,17446.0,16500.0,17443.0,17402.0,17439.0,17322.0,17190.0,17551.0
280,2/3,ΠΑΝ. ΙΩΑΝΝΙΝΩΝ,5.0,15907.0,16631.0,16246.0,17788.0,17480.0,17050.0,16620.0,15175.0,16650.0,16530.0,16265.0,16270.0,16260.0,16625.0
281,2/3,ΠΑΝ. ΠΑΤΡΩΝ,6.0,16757.0,17671.0,17066.0,18107.0,17974.0,17587.0,17174.0,16100.0,17218.0,17042.0,17050.0,16766.0,16746.0,17138.0
282,2/3,ΠΑΝ. ΚΡΗΤΗΣ,5.0,16665.0,17621.0,16905.0,18063.0,17910.0,17586.0,17105.0,15900.0,17124.0,16768.0,16678.0,16465.0,16430.0,16908.0
283,2,ΕΚΠΑ,4.0,12600.0,12650.0,12944.0,13468.0,12680.0,11833.0,10623.0,9475.0,10904.0,11300.0,11375.0,10875.0,11100.0,11100.0
284,2/3,ΠΑΝ. ΘΕΣΣΑΛΙΑΣ,5.0,16175.0,16714.0,16361.0,17840.0,17636.0,17222.0,16697.0,15350.0,16617.0,16430.0,16050.0,16080.0,16030.0,16380.0
285,2,ΑΠΘ,4.0,12865.0,13113.0,13239.0,12991.0,12444.0,11560.0,9785.0,9025.0,9516.0,9850.0,9875.0,9825.0,9825.0,10500.0
287,2,ΠΑΝ. ΠΑΤΡΩΝ,5.0,11131.0,11190.0,11647.0,10887.0,11020.0,9433.0,7108.0,5950.0,10327.0,9670.0,9670.0,9020.0,9280.0,10500.0
288,2/3,ΠΑΝ. ΠΑΤΡΩΝ,5.0,10341.0,9418.0,10609.0,10388.0,10892.0,9794.0,7353.0,6150.0,9259.0,9479.0,9615.0,10027.0,11093.0,12020.0
289,3,ΕΚΠΑ,5.0,17874.0,18471.0,17938.0,18460.0,18499.0,18198.0,17848.0,17025.0,17899.0,17910.0,18090.0,17880.0,17880.0,18100.0
290,2/3,ΔΠΘ,6.0,16626.0,17286.0,16838.0,18003.0,17855.0,17522.0,17009.0,15750.0,17043.0,16850.0,16715.0,16570.0,16595.0,16895.0
291,3,ΑΠΘ,5.0,17801.0,18452.0,17922.0,18477.0,18480.0,18193.0,17793.0,16975.0,17881.0,17775.0,17925.0,17625.0,17625.0,18075.0
293,3,ΠΑΝ. ΠΑΤΡΩΝ,6.0,17624.0,18265.0,17708.0,18351.0,18352.0,18008.0,17593.0,16725.0,17722.0,17710.0,17830.0,17670.0,17620.0,17920.0
294,3,ΧΑΡΟΚΟΠΕΙΟ,5.0,17068.0,17631.0,17145.0,18098.0,17937.0,17622.0,16980.0,15700.0,16958.0,16820.0,16782.0,16344.0,16344.0,16592.0
295,3,ΕΚΠΑ,1.0,18916.0,19233.0,18924.0,19063.0,19143.0,19029.0,18724.0,18250.0,18826.0,18800.0,19000.0,18775.0,18775.0,18900.0
297,3,ΑΠΘ,1.0,18680.0,19122.0,18686.0,18964.0,19046.0,18808.0,18585.0,18075.0,18654.0,18550.0,18800.0,18550.0,18575.0,18750.0
299,3,ΠΑΝ. ΠΑΤΡΩΝ,2.0,18449.0,18961.0,18494.0,18870.0,18902.0,18710.0,18398.0,17825.0,18421.0,18505.0,18735.0,18460.0,18445.0,18745.0
300,3,ΠΑΝ. ΘΕΣΣΑΛΙΑΣ,3.0,18250.0,18833.0,18308.0,18745.0,18803.0,18564.0,18249.0,17600.0,18300.0,18200.0,18450.0,18125.0,18100.0,18475.0
301,3,ΠΑΝ. ΙΩΑΝΝΙΝΩΝ,2.0,18250.0,18855.0,18339.0,18760.0,18841.0,18597.0,18265.0,17625.0,18341.0,18275.0,18475.0,18200.0,18200.0,18525.0
302,3,ΔΠΘ,4.0,18090.0,18710.0,18174.0,18648.0,18713.0,18451.0,18123.0,17400.0,18159.0,18075.0,18300.0,17975.0,17975.0,18350.0
303,3,ΕΚΠΑ,4.0,18039.0,18629.0,18115.0,18580.0,18640.0,18382.0,18026.0,17275.0,18058.0,17975.0,18125.0,17850.0,17900.0,18250.0
304,3,ΠΑΝ. ΚΡΗΤΗΣ,3.0,18197.0,18786.0,18259.0,18709.0,18786.0,18519.0,18194.0,17525.0,18231.0,18150.0,18400.0,18050.0,18050.0,18425.0
305,3,ΑΠΘ,5.0,18000.0,18598.0,18054.0,18570.0,18625.0,18344.0,18002.0,17175.0,18035.0,18060.0,18200.0,17965.0,17995.0,18310.0
306,3,ΕΚΠΑ,6.0,15919.0,16417.0,16210.0,17669.0,17520.0,17011.0,16075.0,14175.0,15553.0,15225.0,14875.0,14375.0,14400.0,14800.0
307,3,ΑΠΘ,4.0,17587.0,18239.0,17670.0,18388.0,18413.0,18094.0,17764.0,16875.0,17672.0,17671.0,17812.0,17692.0,17657.0,17867.0
308,3,ΠΑΝ. ΘΕΣΣΑΛΙΑΣ,6.0,17308.0,17906.0,17360.0,18198.0,18200.0,17829.0,17407.0,16425.0,17396.0,17350.0,17375.0,17175.0,17125.0,17575.0
309,4,ΕΚΠΑ,4.0,13551.0,14336.0,14602.0,14090.0,12738.0,12796.0,13087.0,13675.0,13617.0,13428.0,13818.0,13574.0,13896.0,13832.0
310,2/4,ΠΑΝ. ΑΙΓΑΙΟΥ,6.0,7584.0,7714.0,7648.0,5941.0,7157.0,7721.0,5450.0,3950.0,7686.0,7820.0,7630.0,7870.0,7740.0,7690.0
311,4,ΑΠΘ,3.0,14084.0,14510.0,14609.0,13987.0,12812.0,12686.0,12987.0,13450.0,13408.0,12880.0,13020.0,13090.0,13240.0,13290.0
312,4,ΟΠΑ,2.0,15570.0,16320.0,16370.0,15697.0,14943.0,15066.0,15725.0,15800.0,15888.0,15750.0,16250.0,15700.0,15900.0,16025.0
313,4,ΟΠΑ,2.0,15830.0,16699.0,16409.0,15738.0,15014.0,15460.0,16087.0,16400.0,17146.0,16975.0,17400.0,17025.0,17425.0,17425.0
314,4,ΟΠΑ,2.0,14708.0,14956.0,14933.0,14442.0,13201.0,13772.0,14458.0,15000.0,15617.0,15675.0,16200.0,15975.0,16350.0,16225.0
315,4,ΠΑΝ. ΠΕΙΡΑΙΑ,3.0,14204.0,15128.0,15251.0,14505.0,13167.0,13382.0,13843.0,14275.0,14290.0,14480.0,14920.0,14660.0,15100.0,14990.0
316,4,ΠΑΝ. ΠΕΙΡΑΙΑ,3.0,14267.0,15186.0,15174.0,14520.0,13292.0,13755.0,14186.0,14900.0,15163.0,15840.0,16390.0,16180.0,16620.0,16360.0
317,4,ΠΑΝ. ΜΑΚΕΔ.,2.0,15469.0,15658.0,15763.0,14958.0,13931.0,13887.0,14146.0,14425.0,14276.0,13740.0,14040.0,14210.0,14460.0,14620.0
318,2/4,ΠΑΝ. ΠΕΙΡΑΙΑ,5.0,12666.0,13270.0,13795.0,12703.0,12543.0,11967.0,11710.0,12100.0,11673.0,12460.0,12615.0,12755.0,13070.0,13425.0
319,4,ΠΑΝ. ΠΑΤΡΩΝ,3.0,12730.0,13150.0,13654.0,13198.0,11960.0,11679.0,11270.0,12200.0,11735.0,12440.0,12378.0,12290.0,12426.0,12030.0
320,4,ΠΑΝ. ΑΙΓΑΙΟΥ,4.0,10605.0,11128.0,11372.0,11367.0,10103.0,10005.0,5305.0,5600.0,7495.0,8190.0,7925.0,7830.0,8630.0,8605.0
321,4,ΠΑΝ. ΚΡΗΤΗΣ,3.0,11782.0,12282.0,12801.0,12423.0,11043.0,10891.0,8910.0,10150.0,10384.0,11040.0,10885.0,10925.0,10415.0,10530.0
322,4,ΠΑΝ. ΜΑΚΕΔ.,2.0,14207.0,14531.0,14627.0,14147.0,12984.0,13040.0,13558.0,14100.0,14417.0,14279.0,15097.0,15375.0,15532.0,15670.0
323,2/3,ΓΕΩΠΟΝΙΚΟ ΠΑΝ.,4.0,13694.0,14176.0,14060.0,16400.0,16233.0,15682.0,14119.0,12125.0,12560.0,12655.0,11240.0,12120.0,14720.0,10490.0
324,2/3,ΓΕΩΠΟΝΙΚΟ ΠΑΝ.,5.0,12337.0,12583.0,12667.0,15272.0,15320.0,14352.0,12619.0,10225.0,11804.0,12050.0,11520.0,11980.0,11950.0,11980.0
325,2/3,ΓΕΩΠΟΝΙΚΟ ΠΑΝ.,5.0,14870.0,15484.0,15413.0,17765.0,17508.0,17085.0,16588.0,15125.0,16406.0,16250.0,16195.0,15945.0,15870.0,16285.0
326,3/4,ΓΕΩΠΟΝΙΚΟ ΠΑΝ.,4.0,12669.0,12979.0,13373.0,15295.0,15227.0,13719.0,11370.0,11100.0,12311.0,12160.0,11990.0,12290.0,12310.0,12120.0
327,2/3,ΓΕΩΠΟΝΙΚΟ ΠΑΝ.,5.0,12454.0,12693.0,13119.0,15194.0,15047.0,14058.0,11810.0,10100.0,11860.0,11240.0,11325.0,11120.0,11315.0,11770.0
328,2/3,ΓΕΩΠΟΝΙΚΟ ΠΑΝ.,5.0,15073.0,15448.0,15055.0,17445.0,17083.0,16631.0,15787.0,14350.0,15296.0,15185.0,14950.0,14720.0,14520.0,14215.0
329,2/4,ΟΠΑ,3.0,12788.0,13277.0,13488.0,13158.0,13511.0,13354.0,13337.0,13425.0,13316.0,13828.0,14268.0,13982.0,14440.0,14940.0
330,2/4,ΕΚΠΑ,2.0,16359.0,17221.0,16707.0,16919.0,16509.0,16552.0,17015.0,16925.0,17537.0,17385.0,17785.0,17075.0,16955.0,17015.0
331,2,ΠΟΛ/ΧΝΕΙΟ ΚΡΗΤΗΣ,4.0,14452.0,15372.0,15040.0,15632.0,15730.0,15715.0,14880.0,14625.0,15472.0,14077.0,14785.0,14492.0,14648.0,15770.0
332,2,ΠΑΝ. ΘΕΣΣΑΛΙΑΣ,3.0,16449.0,17654.0,16426.0,16986.0,16455.0,16520.0,16120.0,16025.0,16784.0,16410.0,16720.0,16230.0,16580.0,17770.0
333,2/4,ΟΠΑ,2.0,14926.0,15820.0,15576.0,15520.0,15632.0,15975.0,16433.0,16550.0,17245.0,17150.0,17670.0,17220.0,17590.0,17680.0
334,1/2/3/4,ΠΑΝ. ΔΥΤ. ΜΑΚ.,4.0,13256.0,13514.0,13438.0,10228.0,11444.0,13244.0,12647.0,12075.0,12636.0,12270.0,13020.0,12980.0,12860.0,12430.0
336,2/4,ΠΑΝ. ΠΕΙΡΑΙΑ,5.0,13352.0,13937.0,14304.0,13662.0,13034.0,12739.0,12695.0,13175.0,13100.0,12825.0,13240.0,13460.0,13465.0,13880.0
337,4,ΠΑΝ. ΜΑΚΕΔ.,2.0,16953.0,17063.0,17007.0,16059.0,14756.0,14730.0,14917.0,14725.0,14500.0,14025.0,14275.0,13775.0,13525.0,13800.0
338,2/4,ΑΠΘ,1.0,15529.0,16334.0,16018.0,16039.0,15793.0,16371.0,16653.0,16800.0,17339.0,17090.0,17730.0,17440.0,17720.0,17740.0
339,2/4,ΠΑΝ. ΠΕΙΡΑΙΑ,2.0,14382.0,15255.0,15114.0,15114.0,15165.0,15508.0,15998.0,16150.0,16799.0,16605.0,17220.0,16740.0,16935.0,16870.0
340,2,ΠΑΝ. ΙΩΑΝΝΙΝΩΝ,4.0,13719.0,14342.0,14405.0,13827.0,13647.0,13501.0,12386.0,12425.0,12620.0,14243.0,14762.0,14761.0,13355.0,14368.0
341,1/2/3/4,ΠΑΝ. ΔΥΤ. ΜΑΚ.,5.0,12004.0,12652.0,12525.0,8782.0,10351.0,12289.0,11408.0,10200.0,10719.0,10450.0,11150.0,11200.0,10975.0,10675.0
342,1/4,ΙΟΝΙΟ ΠΑΝ/ΜΙΟ,6.0,10490.0,11151.0,11028.0,11352.0,11652.0,10862.0,9279.0,7425.0,8573.0,9260.0,9700.0,9190.0,8525.0,8325.0
344,2/4,ΠΑΝ. ΑΙΓΑΙΟΥ,4.0,9811.0,10562.0,10751.0,9823.0,10597.0,9467.0,6160.0,3150.0,9203.0,9305.0,9985.0,9800.0,9660.0,11070.0
345,4,ΠΑΝ. ΙΩΑΝΝΙΝΩΝ,3.0,12667.0,13209.0,13402.0,12759.0,11581.0,11356.0,11023.0,11925.0,11395.0,11850.0,11475.0,11375.0,11450.0,11225.0
347,4,ΟΠΑ,2.0,16838.0,17775.0,17257.0,16863.0,15955.0,15854.0,16371.0,16325.0,16509.0,15695.0,16200.0,15340.0,15775.0,15925.0
348,1,ΠΑΝ. ΑΙΓΑΙΟΥ,5.0,11286.0,12073.0,11523.0,12010.0,12376.0,11689.0,11187.0,9125.0,8865.0,8940.0,9180.0,8840.0,8560.0,8840.0
350,4,ΠΑΝ. ΘΕΣΣΑΛΙΑΣ,3.0,12978.0,13458.0,13804.0,13165.0,11676.0,11840.0,11703.0,12625.0,11995.0,12186.0,12247.0,11795.0,11851.0,11802.0
351,1,ΠΑΝ. ΚΡΗΤΗΣ,5.0,11674.0,12448.0,11962.0,12517.0,13144.0,12470.0,11061.0,10375.0,9546.0,9075.0,9425.0,9250.0,9300.0,8975.0
352,4,ΠΑΝ. ΠΑΤΡΩΝ,3.0,11990.0,12383.0,12849.0,12307.0,11386.0,11165.0,9823.0,11150.0,10943.0,11425.0,11500.0,11625.0,11900.0,11640.0
353,2/3/4,ΔΠΘ,5.0,10461.0,10656.0,10426.0,11953.0,11846.0,10805.0,7297.0,3825.0,9490.0,9525.0,8650.0,9050.0,9125.0,8975.0
354,1/4,ΠΑΝ. ΑΙΓΑΙΟΥ,6.0,10372.0,11031.0,10828.0,11060.0,11397.0,10511.0,8898.0,7100.0,8526.0,8650.0,8935.0,8790.0,8355.0,7970.0
355,1/4,ΠΑΝ. ΠΕΙΡΑΙΑ,2.0,17541.0,18178.0,18090.0,17987.0,18255.0,18578.0,18163.0,18145.0,17689.0,16960.0,17560.0,16795.0,18990.0,18950.0
356,2/4,ΧΑΡΟΚΟΠΕΙΟ,4.0,10944.0,11427.0,11595.0,11324.0,11188.0,10154.0,8647.0,9375.0,10307.0,10775.0,10775.0,11425.0,10725.0,11250.0
357,1,ΑΠΘ,3.0,16240.0,16666.0,16053.0,16215.0,16343.0,16370.0,15581.0,15800.0,15210.0,13780.0,14610.0,14320.0,14410.0,14730.0
360,2/3,ΠΑΝ. ΘΕΣΣΑΛΙΑΣ,6.0,10399.0,10812.0,10799.0,13317.0,13570.0,12284.0,8807.0,6550.0,10720.0,9525.0,9325.0,9600.0,9600.0,9900.0
361,4,ΠΑΝ. ΠΕΛ/ΝΗΣΟΥ,5.0,11567.0,12031.0,12371.0,12043.0,10749.0,10648.0,7566.0,9175.0,9491.0,9770.0,9470.0,9670.0,10030.0,10325.0
362,1/2/3/4,ΠΑΝ. ΠΕΛ/ΝΗΣΟΥ,5.0,10821.0,11492.0,11318.0,11338.0,11838.0,10955.0,9721.0,7900.0,8225.0,9125.0,9425.0,9150.0,9075.0,9025.0
363,2,ΑΠΘ,4.0,12329.0,13000.0,12954.0,12794.0,12297.0,10913.0,9265.0,9750.0,10071.0,11075.0,11575.0,11175.0,11350.0,12050.0
366,2/4,ΙΟΝΙΟ ΠΑΝ/ΜΙΟ,4.0,10663.0,11399.0,11596.0,11846.0,11926.0,11583.0,10745.0,10350.0,10011.0,10770.0,10290.0,9630.0,8640.0,9190.0
367,1/2/3/4,ΙΟΝΙΟ ΠΑΝ/ΜΙΟ,3.0,11002.0,11415.0,11351.0,12056.0,12297.0,11223.0,10137.0,8600.0,9464.0,9725.0,9670.0,9570.0,9410.0,9675.0
369,2/3/4,ΠΑΝ. ΘΕΣΣΑΛΙΑΣ,5.0,11771.0,12236.0,12617.0,16087.0,16045.0,14815.0,12650.0,10650.0,11274.0,11825.0,12525.0,12725.0,12515.0,12718.0
370,2,ΠΟΛ/ΧΝΕΙΟ ΚΡΗΤΗΣ,3.0,16027.0,15672.0,15414.0,13142.0,14094.0,12773.0,11859.0,12760.0,14099.0,13950.0,14630.0,14575.0,15470.0,16020.0
372,2/3,ΠΑΝ. ΑΙΓΑΙΟΥ,6.0,11710.0,11258.0,11206.0,13156.0,12846.0,11770.0,9819.0,7050.0,9217.0,9525.0,9325.0,9600.0,9600.0,9900.0
373,1,ΔΠΘ,4.0,12080.0,12401.0,12655.0,13108.0,13769.0,13140.0,12372.0,11850.0,11021.0,9685.0,10115.0,10220.0,10660.0,10735.0
384,1,ΑΣΚΤ,3.0,13630.0,13537.0,13516.0,13417.0,13508.0,13682.0,12739.0,11900.0,11544.0,10570.0,10500.0,10060.0,10210.0,10065.0
385,1,ΙΟΝΙΟ ΠΑΝ/ΜΙΟ,2.0,15834.0,17209.0,16624.0,16124.0,15771.0,17317.0,16019.0,13640.0,16778.0,16880.0,17720.0,14820.0,14300.0,14360.0
400,4,ΠΑΝ. ΠΕΛ/ΝΗΣΟΥ,5.0,9307.0,8587.0,8942.0,10287.0,9431.0,9173.0,5918.0,6025.0,7554.0,8375.0,8500.0,8750.0,8940.0,8980.0
401,1/2/3/4,ΕΚΠΑ,2.0,15744.0,16766.0,16322.0,17793.0,17793.0,17924.0,17501.0,17450.0,17416.0,16816.0,16999.0,17096.0,17399.0,17226.0
402,1/2/3/4,ΑΠΘ,3.0,13515.0,14090.0,14149.0,15411.0,15505.0,15825.0,15017.0,14609.0,14056.0,13479.0,13235.0,13945.0,13729.0,13440.0
403,1/2/3/4,ΑΠΘ,2.0,15235.0,16183.0,15924.0,17098.0,17166.0,17588.0,17045.0,17116.0,17180.0,16289.0,16406.0,16811.0,17161.0,17060.0
404,1/2/3/4,ΔΠΘ,3.0,12886.0,13618.0,13736.0,15033.0,15096.0,15352.0,14617.0,13941.0,13171.0,12479.0,12791.0,13444.0,13219.0,13425.0
405,1/2/3/4,ΠΑΝ. ΘΕΣΣΑΛΙΑΣ,3.0,13859.0,14651.0,14577.0,15834.0,15882.0,16372.0,15828.0,15666.0,15054.0,14511.0,14906.0,14860.0,15134.0,15470.0
406,1/2/3/4,ΑΠΘ,1.0,14287.0,6368.0,13812.0,13608.0,12575.0,15095.0,13578.0,14120.0,11377.0,11215.0,9810.0,14310.0,14590.0,14150.0
407,1/2/3/4,ΙΟΝΙΟ ΠΑΝ/ΜΙΟ,2.0,11321.0,6690.0,11472.0,11605.0,10524.0,12000.0,13120.0,12470.0,12820.0,13350.0,12380.0,12880.0,13440.0,10980.0
408,1/2/3/4,ΕΚΠΑ,1.0,13135.0,5272.0,13316.0,13352.0,11881.0,13454.0,13020.0,9950.0,10263.0,11360.0,11130.0,14510.0,15050.0,15150.0
409,1/2/3/4,ΠΑΝ. ΜΑΚΕΔ.,1.0,16121.0,8287.0,15614.0,15750.0,15126.0,17028.0,14430.0,14790.0,14450.0,14860.0,14960.0,15380.0,15600.0,15540.0
411,1,ΠΑΝ. ΠΕΛ/ΝΗΣΟΥ,5.0,13287.0,13784.0,13777.0,14039.0,14397.0,14423.0,13046.0,13000.0,11237.0,11480.0,11400.0,11240.0,11530.0,11730.0
412,2/4,ΧΑΡΟΚΟΠΕΙΟ,4.0,13858.0,14530.0,14715.0,14557.0,14730.0,14782.0,15139.0,15575.0,16082.0,16220.0,16910.0,16170.0,16320.0,16360.0
413,1,ΑΕΑ ΑΘΗΝΑΣ,6.0,9552.0,10081.0,9878.0,10309.0,10255.0,10071.0,8197.0,6650.0,8753.0,15425.0,11895.0,10010.0,9130.0,13555.0
416,1,ΑΕΑ ΚΡΗΤΗΣ,6.0,8022.0,9224.0,8595.0,9800.0,8674.0,9667.0,7657.0,6175.0,10475.0,10335.0,0.0,9760.0,0.0,0.0
476,2,ΔΠΘ,5.0,12038.0,10518.0,11401.0,11417.0,11884.0,9561.0,7270.0,6750.0,9300.0,9200.0,9050.0,9320.0,9790.0,10660.0
477,2,ΑΣΠΑΙΤΕ,4.0,10317.0,10180.0,10482.0,8712.0,9787.0,9555.0,8263.0,7400.0,10205.0,10005.0,10350.0,10255.0,10255.0,10865.0
497,2,ΑΣΠΑΙΤΕ,4.0,9720.0,9543.0,10079.0,7648.0,9299.0,9046.0,7293.0,6550.0,9298.0,9445.0,10855.0,10250.0,10315.0,11345.0
507,2,ΑΣΠΑΙΤΕ,5.0,9629.0,9448.0,10018.0,6450.0,8921.0,8669.0,6631.0,5650.0,9161.0,9695.0,11145.0,10430.0,10815.0,13030.0
613,1/4,ΑΣΤΕ,3.0,8401.0,7516.0,8986.0,12465.0,13388.0,12988.0,11391.0,9000.0,9721.0,11256.0,11628.0,11678.0,11312.0,10992.0
614,1/4,ΑΣΤΕ,4.0,7268.0,4395.0,6951.0,12378.0,13605.0,13461.0,12079.0,9385.0,9955.0,11472.0,11852.0,11912.0,11706.0,11256.0
776,2,ΑΣΠΑΙΤΕ,5.0,10019.0,9685.0,10089.0,7160.0,9162.0,8863.0,6678.0,5725.0,10126.0,9925.0,10775.0,10350.0,10315.0,11100.0
801,2/3/4,ΣΣΕ,3.0,16105.0,16890.0,16064.0,16095.0,16001.0,15990.0,15737.0,15200.0,14022.0,14025.0,12220.0,12230.0,10865.0,12990.0
806,2/3/4,ΣΣΕ,3.0,17608.0,18536.0,17355.0,17642.0,17411.0,17250.0,17039.0,16725.0,16335.0,15810.0,15555.0,12415.0,13055.0,15750.0
811,2/3,ΣΝΔ,2.0,17052.0,18143.0,17389.0,17662.0,17262.0,17652.0,16895.0,16175.0,15344.0,14525.0,12744.0,11076.0,11069.0,11109.0
816,2/3,ΣΝΔ,2.0,17817.0,18425.0,17685.0,17838.0,17723.0,17728.0,17463.0,16700.0,16659.0,14407.0,13799.0,11629.0,11898.0,11316.0
817,2/4,Α.Ε.Ν.,1.0,10651.0,10338.0,10278.0,11036.0,10549.0,9932.0,9827.0,10025.0,7614.0,8375.0,8350.0,8325.0,8400.0,8275.0
818,2/4,Α.Ε.Ν.,2.0,9955.0,9337.0,9848.0,9524.0,8889.0,8466.0,8468.0,7550.0,7331.0,8375.0,8375.0,8350.0,8400.0,8300.0
821,2/3,ΣΙ,1.0,16819.0,17875.0,17189.0,17786.0,17127.0,17393.0,16833.0,16875.0,16994.0,16135.0,16125.0,14575.0,14685.0,16000.0
826,2/3,ΣΙ,1.0,19058.0,19225.0,18904.0,18625.0,18948.0,18529.0,18576.0,18250.0,18557.0,17850.0,18290.0,16525.0,16335.0,17295.0
831,3,ΣΣΑΣ,2.0,19207.0,19330.0,18994.0,19088.0,19141.0,18915.0,18674.0,17650.0,18155.0,17925.0,18050.0,17600.0,17550.0,18050.0
836,3,ΣΣΑΣ,3.0,18889.0,19144.0,18735.0,18992.0,18968.0,18694.0,18490.0,18075.0,18117.0,17920.0,18200.0,17535.0,17770.0,18535.0
841,3,ΣΣΑΣ,3.0,18524.0,19050.0,18551.0,18827.0,18816.0,18526.0,18032.0,17250.0,17707.0,17776.0,18044.0,17535.0,17482.0,17856.0
846,3,ΣΣΑΣ,3.0,18860.0,18987.0,18632.0,18913.0,18828.0,18662.0,18542.0,17450.0,17921.0,17750.0,17950.0,17375.0,17300.0,17975.0
851,3,ΣΑΝ,5.0,17668.0,18256.0,17681.0,18355.0,18293.0,18172.0,17580.0,16400.0,16990.0,16500.0,16650.0,14425.0,14500.0,13700.0
862,2/3/4,ΣΜΥ,4.0,14804.0,15674.0,14817.0,14532.0,14562.0,14541.0,14073.0,13325.0,12197.0,11610.0,10890.0,10290.0,9170.0,8820.0
863,2/4,ΣΜΥ,4.0,15655.0,16455.0,15576.0,15678.0,15345.0,15450.0,15086.0,15825.0,16186.0,15220.0,15830.0,14890.0,13080.0,11120.0
864,2/4,ΣΜΥΝ,4.0,15150.0,16054.0,15426.0,14790.0,14802.0,14956.0,14557.0,14600.0,15254.0,13700.0,13700.0,11080.0,8940.0,8900.0
866,1,ΣΣΑΣ,1.0,19052.0,18908.0,18721.0,19146.0,18785.0,18881.0,18735.0,18325.0,18730.0,17940.0,18600.0,17930.0,18040.0,18080.0
867,4,ΣΣΑΣ,1.0,18828.0,19187.0,18983.0,18326.0,17568.0,18215.0,18586.0,18350.0,18452.0,17990.0,18405.0,17875.0,17735.0,17875.0
869,1/2/4,ΑΣΤ. ΣΧΟΛΕΣ,1.0,16909.0,18319.0,18206.0,17896.0,18113.0,18123.0,18241.0,17625.0,18246.0,17760.0,18070.0,17500.0,17590.0,17690.0
870,1/2/4,ΑΣΤ. ΣΧΟΛΕΣ,3.0,14176.0,15910.0,16169.0,16388.0,16301.0,16695.0,16550.0,13625.0,16385.0,14830.0,14810.0,13180.0,11710.0,11470.0
871,1/2/4,Σ.Π.Α.,1.0,7476.0,7514.0,10314.0,14852.0,13472.0,13613.0,18315.0,16025.0,18199.0,17860.0,15850.0,14750.0,9940.0,17510.0
872,1/2/4,ΑΣΤ. ΣΧΟΛΕΣ,1.0,15302.0,16721.0,16881.0,16650.0,16134.0,17518.0,18097.0,17425.0,18378.0,17240.0,17720.0,17240.0,17370.0,17540.0
875,1,ΣΣΑΣ,1.0,19351.0,19121.0,19223.0,19043.0,19063.0,18844.0,19097.0,18400.0,19039.0,18395.0,18905.0,18295.0,18155.0,18650.0
